chr1:12579300-12579600	chr1:14801700-14802000	chr1:24144600-24144900	chr1:39631800-39632100	chr1:42374700-42375000	chr1:109804500-109804800	chr1:112494300-112494600	chr1:160724400-160724700	chr1:219027000-219027300	chr1:236608200-236608500	chr1:242318100-242318400	chr1:242318400-242318700	chr1:245167800-245168100	chr10:3522300-3522600	chr10:6558600-6558900	chr10:11326200-11326500	chr10:11326500-11326800	chr10:21175800-21176100	chr10:21176100-21176400	chr10:30683400-30683700	chr10:44185500-44185800	chr10:71280000-71280300	chr10:78251100-78251400	chr10:95981400-95981700	chr10:103824600-103824900	chr10:103824900-103825200	chr10:119475300-119475600	chr10:119517600-119517900	chr10:125032500-125032800	chr10:128020800-128021100	chr10:130528500-130528800	chr10:132727500-132727800	chr11:2293800-2294100	chr11:10414800-10415100	chr11:26976300-26976600	chr11:26976600-26976900	chr11:44894400-44894700	chr11:56402700-56403000	chr11:64490400-64490700	chr11:64740600-64740900	chr11:73969800-73970100	chr11:76625100-76625400	chr11:76625400-76625700	chr11:92981700-92982000	chr11:93946800-93947100	chr11:99990900-99991200	chr11:117528900-117529200	chr11:120281400-120281700	chr11:120281700-120282000	chr11:131106000-131106300	chr11:133173600-133173900	chr12:4143000-4143300	chr12:5555400-5555700	chr12:6051000-6051300	chr12:6125700-6126000	chr12:18045900-18046200	chr12:39060900-39061200	chr12:63353100-63353400	chr12:63353400-63353700	chr12:75864600-75864900	chr12:83696100-83696400	chr12:97818900-97819200	chr12:110898000-110898300	chr12:115422000-115422300	chr12:115909500-115909800	chr12:115909800-115910100	chr12:128791800-128792100	chr13:19986900-19987200	chr13:37172100-37172400	chr13:105139800-105140100	chr13:110387400-110387700	chr13:111388800-111389100	chr13:111389100-111389400	chr13:113740800-113741100	chr14:55236900-55237200	chr14:72164400-72164700	chr14:104265900-104266200	chr15:23834100-23834400	chr15:24352500-24352800	chr15:25798800-25799100	chr15:39675600-39675900	chr15:39675900-39676200	chr15:47072700-47073000	chr15:52365300-52365600	chr15:64873500-64873800	chr15:76320300-76320600	chr15:77553000-77553300	chr15:95926200-95926500	chr15:95926500-95926800	chr15:101031000-101031300	chr15:101148300-101148600	chr15:101193300-101193600	chr15:101249700-101250000	chr16:73122000-73122300	chr16:74260500-74260800	chr16:74741100-74741400	chr16:80609100-80609400	chr16:80609400-80609700	chr16:80632800-80633100	chr16:80633100-80633400	chr16:84537900-84538200	chr16:84885300-84885600	chr16:85082400-85082700	chr16:85396500-85396800	chr16:85474800-85475100	chr16:85966800-85967100	chr16:85967100-85967400	chr16:88921500-88921800	chr16:88921800-88922100	chr16:88959000-88959300	chr16:88963800-88964100	chr17:3187500-3187800	chr17:22092000-22092300	chr17:22374900-22375200	chr17:27520500-27520800	chr17:53399400-53399700	chr17:74262300-74262600	chr18:4807500-4807800	chr18:13921200-13921500	chr18:16008000-16008300	chr18:16410600-16410900	chr18:16804800-16805100	chr18:17875800-17876100	chr18:18568200-18568500	chr18:18939900-18940200	chr18:19416600-19416900	chr18:19582200-19582500	chr18:20343900-20344200	chr18:48945300-48945600	chr18:79515900-79516200	chr18:79516200-79516500	chr19:6865200-6865500	chr19:20072100-20072400	chr19:28897500-28897800	chr19:39541500-39541800	chr19:46458600-46458900	chr19:46829400-46829700	chr19:46829700-46830000	chr19:49704900-49705200	chr19:55333500-55333800	chr2:1564500-1564800	chr2:1979400-1979700	chr2:1979700-1980000	chr2:6262500-6262800	chr2:6566400-6566700	chr2:6566700-6567000	chr2:8289600-8289900	chr2:11112600-11112900	chr2:11112900-11113200	chr2:24843300-24843600	chr2:25089300-25089600	chr2:25089600-25089900	chr2:37876200-37876500	chr2:45280800-45281100	chr2:45281100-45281400	chr2:60699000-60699300	chr2:69524400-69524700	chr2:76310400-76310700	chr2:101218800-101219100	chr2:110097300-110097600	chr2:110097600-110097900	chr2:118225800-118226100	chr2:119232300-119232600	chr2:155471700-155472000	chr2:187769700-187770000	chr2:201954300-201954600	chr2:218410800-218411100	chr2:219193500-219193800	chr2:225214800-225215100	chr2:230021400-230021700	chr2:230877600-230877900	chr2:231270900-231271200	chr2:235480800-235481100	chr2:237464400-237464700	chr20:9397800-9398100	chr20:40780500-40780800	chr20:40780800-40781100	chr20:49301100-49301400	chr20:55899000-55899300	chr21:31998300-31998600	chr21:31998600-31998900	chr21:36104400-36104700	chr21:37546500-37546800	chr21:43044000-43044300	chr21:45152400-45152700	chr21:45178800-45179100	chr22:19577100-19577400	chr22:23088300-23088600	chr22:40651800-40652100	chr22:41959800-41960100	chr3:54920400-54920700	chr3:54920700-54921000	chr3:73553700-73554000	chr3:73990800-73991100	chr3:82950900-82951200	chr3:83839500-83839800	chr3:108099000-108099300	chr3:154089000-154089300	chr3:154089300-154089600	chr3:169103700-169104000	chr3:185560800-185561100	chr3:185561100-185561400	chr3:186292500-186292800	chr4:1149300-1149600	chr4:1149600-1149900	chr4:16583700-16584000	chr4:16584000-16584300	chr4:25632900-25633200	chr4:62013300-62013600	chr4:71928600-71928900	chr4:72766500-72766800	chr4:73670400-73670700	chr4:93087000-93087300	chr4:94711500-94711800	chr4:138553500-138553800	chr4:149160900-149161200	chr4:162187200-162187500	chr4:162822000-162822300	chr4:182285700-182286000	chr5:15516600-15516900	chr5:19404600-19404900	chr5:19404900-19405200	chr5:23692200-23692500	chr5:36035700-36036000	chr5:37944900-37945200	chr5:42972600-42972900	chr5:59572200-59572500	chr5:122334300-122334600	chr5:122334600-122334900	chr5:124522800-124523100	chr5:137170800-137171100	chr5:137171100-137171400	chr5:160329000-160329300	chr5:169233000-169233300	chr5:172488000-172488300	chr6:26508900-26509200	chr6:58662900-58663200	chr6:58803000-58803300	chr6:58839600-58839900	chr6:59247000-59247300	chr6:59306400-59306700	chr6:59430900-59431200	chr6:59449500-59449800	chr6:59486100-59486400	chr6:59792100-59792400	chr6:107151600-107151900	chr6:120953400-120953700	chr6:132387300-132387600	chr6:132387600-132387900	chr6:154721400-154721700	chr6:161360400-161360700	chr6:163789800-163790100	chr7:4204200-4204500	chr7:4204500-4204800	chr7:4310700-4311000	chr7:6229500-6229800	chr7:20978400-20978700	chr7:33714300-33714600	chr7:39369300-39369600	chr7:49788900-49789200	chr7:58834800-58835100	chr7:64573500-64573800	chr7:64573800-64574100	chr7:72299700-72300000	chr7:93709800-93710100	chr7:118744500-118744800	chr7:136753200-136753500	chr7:145229100-145229400	chr7:145229400-145229700	chr7:151454100-151454400	chr7:153471600-153471900	chr7:157568400-157568700	chr8:3764100-3764400	chr8:4169700-4170000	chr8:15506400-15506700	chr8:15506700-15507000	chr8:22979400-22979700	chr8:41706000-41706300	chr8:72788100-72788400	chr8:72788400-72788700	chr8:74070000-74070300	chr8:74070300-74070600	chr8:94244100-94244400	chr8:94244400-94244700	chr8:100968900-100969200	chr8:102738900-102739200	chr8:129955500-129955800	chr8:134898900-134899200	chr8:141305400-141305700	chr9:1152900-1153200	chr9:23967300-23967600	chr9:65460900-65461200	chr9:74274900-74275200	chr9:85290300-85290600	chr9:87804000-87804300	chr9:87804300-87804600	chr9:94594500-94594800	chr9:114673200-114673500	chrX:1926900-1927200	chrY:14700-15000	recipient_age	sex	Hgb	ALP	ALT	AST	Creatinine	indication.for.transplant
S19_TCMR	12.0	46.0	26.0	23.0	15.0	4.0	30.0	35.0	19.0	16.0	33.0	47.0	10.0	28.0	28.0	34.0	30.0	7.0	6.0	4.0	7.0	28.0	13.0	18.0	16.0	14.0	24.0	5.0	57.0	27.0	22.0	75.0	38.0	12.0	27.0	23.0	35.0	20.0	56.0	35.0	4.0	13.0	10.0	59.0	7.0	24.0	34.0	2.0	2.0	11.0	21.0	8.0	15.0	10.0	38.0	38.0	38.0	41.0	40.0	13.0	46.0	20.0	21.0	32.0	9.0	11.0	46.0	25.0	57.0	6.0	19.0	46.0	56.0	43.0	35.0	7.0	31.0	48.0	19.0	11.0	17.0	26.0	15.0	12.0	24.0	31.0	27.0	35.0	23.0	33.0	21.0	31.0	48.0	25.0	32.0	54.0	31.0	30.0	23.0	30.0	26.0	17.0	12.0	22.0	13.0	8.0	5.0	19.0	32.0	41.0	68.0	18.0	43.0	75.0	23.0	14.0	89.0	39.0	38.0	14.0	6.0	5.0	7.0	5.0	10.0	13.0	10.0	8.0	24.0	76.0	94.0	50.0	40.0	19.0	3.0	25.0	24.0	18.0	90.0	27.0	11.0	40.0	30.0	31.0	17.0	17.0	10.0	4.0	13.0	33.0	16.0	15.0	39.0	73.0	52.0	7.0	18.0	48.0	36.0	14.0	22.0	24.0	4.0	8.0	9.0	2.0	25.0	39.0	23.0	25.0	49.0	44.0	47.0	19.0	10.0	8.0	8.0	39.0	35.0	73.0	80.0	4.0	17.0	26.0	15.0	49.0	5.0	23.0	10.0	22.0	15.0	14.0	25.0	39.0	48.0	33.0	41.0	41.0	57.0	8.0	62.0	54.0	24.0	25.0	21.0	45.0	19.0	34.0	30.0	19.0	23.0	28.0	16.0	38.0	35.0	16.0	24.0	4.0	6.0	16.0	23.0	22.0	48.0	42.0	29.0	53.0	24.0	14.0	13.0	34.0	18.0	27.0	12.0	40.0	52.0	10.0	12.0	12.0	15.0	17.0	8.0	10.0	14.0	6.0	12.0	25.0	23.0	30.0	25.0	17.0	28.0	12.0	52.0	54.0	5.0	16.0	33.0	22.0	7.0	29.0	12.0	31.0	31.0	18.0	19.0	23.0	43.0	11.0	28.0	33.0	31.0	25.0	27.0	9.0	20.0	34.0	29.0	30.0	4.0	4.0	51.0	47.0	27.0	20.0	30.0	19.0	52.0	23.0	47.0	25.0	19.0	72.0	27.0	9.0	10.0	5.0	30.0	55.0	32.0	13.0	46	M	134	112	49	30	121	NASH
S20_TCMR	53.0	116.0	58.0	96.0	83.0	20.0	84.0	115.0	42.0	49.0	87.0	131.0	46.0	80.0	106.0	129.0	114.0	26.0	30.0	24.0	20.0	110.0	60.0	73.0	62.0	56.0	74.0	39.0	150.0	120.0	63.0	243.0	124.0	53.0	69.0	61.0	125.0	100.0	151.0	100.0	34.0	29.0	22.0	207.0	9.0	93.0	98.0	32.0	31.0	42.0	116.0	38.0	60.0	99.0	119.0	116.0	95.0	100.0	101.0	48.0	177.0	54.0	63.0	56.0	65.0	60.0	134.0	74.0	197.0	38.0	114.0	106.0	133.0	149.0	93.0	34.0	120.0	124.0	66.0	102.0	60.0	108.0	70.0	39.0	77.0	96.0	77.0	100.0	91.0	75.0	75.0	152.0	118.0	82.0	128.0	153.0	130.0	128.0	62.0	56.0	104.0	55.0	79.0	102.0	48.0	24.0	17.0	100.0	146.0	209.0	227.0	55.0	111.0	299.0	158.0	36.0	218.0	110.0	98.0	15.0	17.0	7.0	10.0	17.0	36.0	14.0	11.0	4.0	49.0	191.0	231.0	147.0	127.0	43.0	11.0	59.0	75.0	48.0	215.0	62.0	33.0	146.0	96.0	134.0	35.0	35.0	19.0	30.0	52.0	103.0	50.0	59.0	92.0	257.0	175.0	18.0	48.0	121.0	95.0	46.0	47.0	65.0	22.0	10.0	29.0	13.0	64.0	95.0	104.0	142.0	80.0	173.0	140.0	52.0	21.0	48.0	50.0	129.0	83.0	232.0	263.0	18.0	40.0	51.0	87.0	147.0	23.0	111.0	55.0	63.0	31.0	31.0	64.0	125.0	147.0	113.0	78.0	132.0	185.0	22.0	184.0	124.0	93.0	101.0	87.0	154.0	80.0	95.0	109.0	60.0	89.0	80.0	25.0	67.0	138.0	40.0	57.0	24.0	92.0	85.0	62.0	72.0	109.0	170.0	115.0	142.0	89.0	45.0	44.0	92.0	62.0	99.0	41.0	111.0	86.0	72.0	8.0	3.0	9.0	8.0	7.0	3.0	4.0	6.0	7.0	70.0	82.0	121.0	118.0	47.0	109.0	34.0	136.0	110.0	31.0	66.0	90.0	81.0	28.0	79.0	11.0	71.0	70.0	53.0	69.0	84.0	118.0	44.0	111.0	124.0	91.0	61.0	76.0	26.0	57.0	75.0	99.0	119.0	20.0	21.0	153.0	142.0	80.0	56.0	72.0	62.0	126.0	63.0	108.0	107.0	49.0	218.0	61.0	42.0	59.0	28.0	82.0	128.0	69.0	57.0	57	F	119	173	79	65	87	Alcohol
S21_TCMR	27.0	114.0	56.0	62.0	65.0	28.0	65.0	115.0	39.0	40.0	69.0	99.0	34.0	99.0	92.0	136.0	119.0	19.0	22.0	39.0	25.0	100.0	35.0	62.0	85.0	81.0	68.0	56.0	125.0	121.0	81.0	185.0	105.0	100.0	67.0	68.0	102.0	66.0	107.0	104.0	46.0	34.0	22.0	212.0	11.0	40.0	94.0	25.0	27.0	56.0	111.0	75.0	68.0	54.0	133.0	104.0	81.0	101.0	97.0	45.0	118.0	58.0	54.0	30.0	65.0	77.0	122.0	79.0	162.0	46.0	77.0	108.0	133.0	146.0	70.0	49.0	91.0	102.0	81.0	96.0	57.0	111.0	72.0	35.0	87.0	91.0	59.0	98.0	106.0	73.0	101.0	138.0	147.0	69.0	102.0	141.0	169.0	144.0	50.0	56.0	73.0	100.0	77.0	151.0	54.0	48.0	43.0	154.0	205.0	197.0	204.0	52.0	100.0	257.0	120.0	23.0	179.0	87.0	97.0	11.0	12.0	9.0	9.0	11.0	9.0	4.0	4.0	7.0	14.0	174.0	246.0	138.0	110.0	53.0	15.0	66.0	95.0	46.0	196.0	55.0	34.0	158.0	106.0	105.0	22.0	23.0	22.0	54.0	93.0	92.0	48.0	50.0	86.0	221.0	166.0	22.0	36.0	89.0	70.0	46.0	42.0	57.0	24.0	18.0	19.0	33.0	76.0	96.0	94.0	92.0	90.0	166.0	117.0	51.0	24.0	66.0	69.0	126.0	66.0	219.0	281.0	21.0	41.0	49.0	128.0	141.0	41.0	94.0	31.0	53.0	15.0	15.0	87.0	116.0	155.0	109.0	104.0	106.0	156.0	20.0	205.0	160.0	64.0	65.0	67.0	112.0	63.0	106.0	99.0	52.0	92.0	75.0	18.0	60.0	81.0	43.0	71.0	29.0	48.0	70.0	57.0	86.0	85.0	109.0	123.0	96.0	74.0	42.0	38.0	81.0	71.0	104.0	45.0	71.0	120.0	54.0	12.0	15.0	13.0	13.0	10.0	4.0	6.0	3.0	14.0	61.0	69.0	130.0	129.0	45.0	87.0	36.0	121.0	108.0	27.0	70.0	83.0	88.0	48.0	81.0	9.0	99.0	94.0	61.0	65.0	65.0	119.0	47.0	105.0	135.0	81.0	56.0	73.0	30.0	55.0	72.0	92.0	103.0	14.0	15.0	135.0	125.0	82.0	64.0	52.0	77.0	95.0	78.0	109.0	82.0	33.0	187.0	56.0	55.0	71.0	40.0	82.0	154.0	87.0	25.0	46	M	90	214	408	185	58	PSC
S22_TCMR	20.0	40.0	17.0	31.0	29.0	5.0	28.0	43.0	11.0	11.0	24.0	31.0	10.0	32.0	39.0	48.0	45.0	6.0	10.0	4.0	6.0	26.0	5.0	22.0	26.0	27.0	24.0	5.0	38.0	47.0	32.0	75.0	33.0	11.0	10.0	12.0	33.0	26.0	37.0	26.0	13.0	6.0	5.0	64.0	10.0	19.0	21.0	6.0	6.0	12.0	25.0	5.0	21.0	16.0	44.0	44.0	39.0	33.0	32.0	16.0	45.0	15.0	18.0	13.0	20.0	20.0	50.0	24.0	77.0	0.0	5.0	32.0	53.0	26.0	31.0	6.0	39.0	62.0	27.0	13.0	38.0	55.0	23.0	11.0	24.0	35.0	17.0	34.0	35.0	34.0	25.0	38.0	40.0	30.0	36.0	57.0	54.0	54.0	15.0	12.0	20.0	13.0	21.0	19.0	12.0	17.0	12.0	16.0	33.0	54.0	75.0	25.0	47.0	100.0	44.0	4.0	52.0	34.0	46.0	10.0	8.0	7.0	0.0	1.0	6.0	10.0	4.0	4.0	18.0	32.0	54.0	38.0	27.0	12.0	5.0	25.0	21.0	18.0	49.0	29.0	8.0	47.0	32.0	30.0	12.0	12.0	8.0	21.0	28.0	32.0	21.0	25.0	27.0	60.0	41.0	10.0	23.0	30.0	43.0	13.0	14.0	14.0	10.0	4.0	7.0	4.0	21.0	42.0	26.0	35.0	33.0	44.0	50.0	17.0	2.0	20.0	22.0	34.0	32.0	82.0	120.0	12.0	14.0	32.0	8.0	33.0	7.0	23.0	16.0	32.0	2.0	4.0	22.0	46.0	49.0	42.0	13.0	43.0	56.0	7.0	59.0	42.0	25.0	49.0	36.0	51.0	21.0	27.0	39.0	9.0	32.0	29.0	7.0	27.0	23.0	15.0	20.0	5.0	18.0	16.0	25.0	24.0	36.0	38.0	30.0	41.0	23.0	10.0	10.0	20.0	19.0	24.0	9.0	34.0	31.0	9.0	12.0	11.0	22.0	10.0	11.0	8.0	13.0	3.0	19.0	39.0	20.0	41.0	36.0	11.0	23.0	14.0	43.0	29.0	9.0	20.0	23.0	31.0	5.0	29.0	16.0	33.0	34.0	32.0	26.0	25.0	37.0	15.0	44.0	45.0	34.0	25.0	24.0	8.0	18.0	25.0	35.0	52.0	8.0	8.0	53.0	49.0	24.0	22.0	24.0	13.0	55.0	23.0	32.0	30.0	10.0	70.0	21.0	4.0	9.0	9.0	25.0	37.0	32.0	11.0	62	M	131	56	42	28	88	HBV
S23_TCMR	18.0	33.0	27.0	23.0	20.0	4.0	27.0	52.0	16.0	16.0	37.0	46.0	8.0	20.0	28.0	48.0	45.0	12.0	14.0	11.0	12.0	26.0	17.0	34.0	18.0	19.0	21.0	7.0	49.0	47.0	17.0	69.0	40.0	18.0	46.0	44.0	33.0	48.0	58.0	27.0	5.0	13.0	9.0	73.0	13.0	21.0	24.0	8.0	8.0	22.0	36.0	10.0	16.0	34.0	70.0	43.0	37.0	36.0	36.0	20.0	40.0	22.0	19.0	13.0	33.0	31.0	70.0	23.0	83.0	7.0	16.0	47.0	55.0	29.0	48.0	9.0	50.0	38.0	41.0	25.0	18.0	31.0	32.0	28.0	26.0	49.0	29.0	44.0	44.0	30.0	32.0	36.0	40.0	18.0	47.0	73.0	67.0	68.0	11.0	18.0	26.0	12.0	19.0	23.0	11.0	22.0	22.0	12.0	20.0	53.0	93.0	29.0	42.0	82.0	54.0	5.0	68.0	46.0	37.0	17.0	11.0	6.0	2.0	10.0	24.0	5.0	4.0	9.0	21.0	64.0	75.0	42.0	40.0	16.0	10.0	21.0	37.0	26.0	87.0	29.0	17.0	46.0	32.0	45.0	10.0	10.0	19.0	16.0	33.0	40.0	18.0	21.0	35.0	89.0	66.0	8.0	15.0	53.0	49.0	33.0	23.0	13.0	7.0	4.0	12.0	4.0	29.0	38.0	26.0	34.0	23.0	63.0	60.0	26.0	14.0	14.0	15.0	51.0	30.0	89.0	121.0	8.0	17.0	39.0	12.0	68.0	2.0	32.0	10.0	30.0	18.0	18.0	34.0	67.0	62.0	57.0	23.0	50.0	60.0	12.0	61.0	48.0	29.0	25.0	24.0	41.0	25.0	44.0	57.0	16.0	33.0	29.0	12.0	28.0	20.0	13.0	38.0	6.0	18.0	32.0	23.0	25.0	49.0	48.0	34.0	41.0	40.0	19.0	19.0	31.0	9.0	16.0	9.0	34.0	45.0	28.0	10.0	13.0	11.0	29.0	17.0	5.0	11.0	5.0	18.0	37.0	18.0	48.0	43.0	12.0	29.0	20.0	43.0	46.0	16.0	24.0	29.0	37.0	15.0	38.0	5.0	50.0	49.0	30.0	23.0	27.0	45.0	15.0	41.0	43.0	37.0	25.0	35.0	19.0	22.0	26.0	39.0	44.0	10.0	10.0	62.0	57.0	36.0	23.0	35.0	31.0	51.0	34.0	33.0	27.0	20.0	72.0	23.0	10.0	9.0	6.0	38.0	55.0	59.0	14.0	46	F	134	187	207	33	92	PBC
S24_TCMR	32.0	46.0	31.0	28.0	28.0	11.0	30.0	29.0	25.0	21.0	34.0	48.0	23.0	31.0	27.0	43.0	36.0	8.0	10.0	10.0	9.0	44.0	19.0	32.0	33.0	32.0	31.0	18.0	54.0	53.0	27.0	79.0	38.0	29.0	29.0	30.0	38.0	43.0	69.0	43.0	19.0	8.0	8.0	75.0	8.0	19.0	32.0	6.0	6.0	14.0	35.0	22.0	32.0	40.0	44.0	37.0	49.0	42.0	40.0	24.0	42.0	25.0	18.0	19.0	35.0	39.0	64.0	28.0	57.0	16.0	35.0	47.0	57.0	46.0	19.0	15.0	42.0	54.0	32.0	37.0	35.0	52.0	37.0	16.0	30.0	46.0	24.0	36.0	27.0	37.0	32.0	51.0	47.0	19.0	37.0	54.0	68.0	61.0	17.0	22.0	24.0	20.0	22.0	38.0	8.0	17.0	15.0	36.0	64.0	83.0	70.0	24.0	70.0	118.0	74.0	9.0	62.0	43.0	43.0	11.0	9.0	8.0	10.0	19.0	12.0	10.0	0.0	13.0	23.0	58.0	72.0	52.0	46.0	23.0	7.0	20.0	32.0	19.0	90.0	30.0	13.0	60.0	44.0	42.0	13.0	13.0	9.0	16.0	26.0	38.0	15.0	18.0	28.0	83.0	59.0	7.0	21.0	47.0	34.0	14.0	12.0	14.0	4.0	4.0	9.0	11.0	29.0	36.0	31.0	40.0	43.0	71.0	50.0	27.0	17.0	22.0	25.0	49.0	23.0	105.0	124.0	6.0	26.0	32.0	26.0	70.0	9.0	26.0	18.0	29.0	11.0	13.0	23.0	42.0	55.0	67.0	29.0	45.0	56.0	4.0	60.0	47.0	33.0	48.0	30.0	51.0	32.0	36.0	50.0	22.0	32.0	33.0	14.0	40.0	28.0	31.0	33.0	18.0	27.0	23.0	30.0	38.0	56.0	51.0	33.0	48.0	28.0	11.0	9.0	50.0	15.0	29.0	14.0	49.0	32.0	25.0	19.0	22.0	24.0	19.0	17.0	9.0	16.0	7.0	15.0	36.0	26.0	55.0	56.0	17.0	36.0	14.0	55.0	59.0	16.0	25.0	40.0	26.0	11.0	27.0	11.0	38.0	34.0	25.0	22.0	27.0	44.0	12.0	39.0	53.0	36.0	24.0	22.0	18.0	28.0	34.0	31.0	51.0	8.0	8.0	73.0	70.0	44.0	27.0	29.0	18.0	45.0	26.0	44.0	39.0	20.0	86.0	24.0	16.0	16.0	9.0	43.0	78.0	31.0	21.0	51	F	102	340	64	54	63	HCV
S25_TCMR	24.0	104.0	33.0	67.0	69.0	23.0	72.0	122.0	56.0	40.0	45.0	69.0	52.0	78.0	102.0	115.0	104.0	11.0	16.0	47.0	30.0	74.0	47.0	67.0	90.0	87.0	62.0	68.0	136.0	85.0	75.0	190.0	92.0	81.0	54.0	52.0	77.0	64.0	93.0	116.0	32.0	32.0	26.0	231.0	18.0	44.0	93.0	29.0	28.0	49.0	91.0	67.0	65.0	68.0	129.0	100.0	76.0	91.0	89.0	39.0	131.0	50.0	59.0	32.0	51.0	59.0	129.0	58.0	123.0	57.0	80.0	89.0	125.0	116.0	77.0	49.0	93.0	112.0	70.0	105.0	48.0	103.0	67.0	40.0	90.0	61.0	76.0	92.0	88.0	47.0	102.0	125.0	86.0	51.0	104.0	125.0	151.0	135.0	51.0	46.0	58.0	89.0	56.0	105.0	33.0	24.0	20.0	166.0	192.0	172.0	198.0	37.0	77.0	230.0	165.0	31.0	189.0	115.0	89.0	4.0	11.0	4.0	6.0	6.0	14.0	10.0	1.0	8.0	24.0	158.0	223.0	153.0	106.0	46.0	13.0	46.0	84.0	54.0	180.0	55.0	50.0	161.0	118.0	114.0	21.0	21.0	20.0	58.0	80.0	89.0	43.0	39.0	93.0	165.0	125.0	23.0	29.0	98.0	89.0	45.0	38.0	83.0	18.0	6.0	23.0	21.0	62.0	79.0	74.0	105.0	93.0	154.0	108.0	59.0	29.0	57.0	62.0	87.0	56.0	191.0	242.0	22.0	33.0	64.0	105.0	123.0	30.0	98.0	40.0	57.0	19.0	19.0	67.0	120.0	158.0	131.0	108.0	110.0	157.0	30.0	174.0	137.0	80.0	85.0	57.0	116.0	69.0	116.0	104.0	46.0	71.0	69.0	15.0	65.0	67.0	52.0	66.0	29.0	57.0	72.0	65.0	84.0	89.0	135.0	96.0	133.0	76.0	22.0	23.0	94.0	53.0	83.0	50.0	64.0	104.0	44.0	23.0	18.0	26.0	17.0	18.0	10.0	15.0	2.0	15.0	57.0	54.0	120.0	131.0	41.0	85.0	29.0	107.0	143.0	26.0	73.0	71.0	74.0	40.0	56.0	15.0	68.0	62.0	61.0	64.0	64.0	118.0	49.0	112.0	114.0	65.0	63.0	78.0	50.0	48.0	67.0	77.0	99.0	23.0	23.0	125.0	124.0	86.0	68.0	37.0	73.0	108.0	72.0	107.0	81.0	25.0	157.0	48.0	87.0	58.0	33.0	91.0	142.0	56.0	21.0	51	M	97	442	135	136	58	PSC
S26_TCMR	5.0	14.0	4.0	8.0	14.0	2.0	13.0	11.0	6.0	6.0	12.0	17.0	6.0	14.0	14.0	22.0	21.0	2.0	2.0	6.0	0.0	8.0	6.0	6.0	10.0	9.0	10.0	0.0	20.0	20.0	8.0	27.0	18.0	4.0	5.0	5.0	15.0	9.0	13.0	14.0	5.0	6.0	6.0	29.0	1.0	16.0	14.0	4.0	4.0	3.0	11.0	2.0	11.0	6.0	23.0	19.0	18.0	19.0	19.0	9.0	29.0	8.0	12.0	5.0	7.0	6.0	18.0	17.0	17.0	5.0	9.0	12.0	15.0	25.0	21.0	6.0	16.0	24.0	13.0	5.0	9.0	16.0	7.0	8.0	8.0	11.0	4.0	16.0	16.0	6.0	11.0	14.0	20.0	16.0	13.0	20.0	31.0	28.0	8.0	7.0	10.0	8.0	5.0	8.0	5.0	4.0	4.0	7.0	11.0	35.0	37.0	13.0	18.0	42.0	14.0	2.0	30.0	16.0	17.0	9.0	3.0	3.0	2.0	1.0	3.0	0.0	5.0	1.0	2.0	21.0	28.0	15.0	11.0	3.0	1.0	8.0	17.0	14.0	25.0	18.0	3.0	13.0	9.0	14.0	4.0	4.0	2.0	6.0	10.0	15.0	5.0	6.0	8.0	28.0	23.0	5.0	7.0	13.0	18.0	19.0	14.0	6.0	4.0	2.0	4.0	0.0	15.0	22.0	13.0	37.0	7.0	25.0	49.0	7.0	4.0	7.0	7.0	21.0	3.0	31.0	42.0	0.0	5.0	14.0	7.0	17.0	5.0	22.0	2.0	8.0	4.0	3.0	11.0	19.0	25.0	23.0	7.0	13.0	17.0	6.0	20.0	13.0	17.0	16.0	17.0	24.0	14.0	19.0	19.0	6.0	17.0	18.0	5.0	9.0	19.0	5.0	10.0	2.0	8.0	11.0	15.0	12.0	16.0	22.0	23.0	21.0	11.0	4.0	4.0	11.0	10.0	16.0	3.0	26.0	8.0	9.0	5.0	6.0	3.0	11.0	4.0	0.0	1.0	2.0	14.0	11.0	10.0	23.0	21.0	9.0	16.0	6.0	10.0	16.0	4.0	13.0	8.0	15.0	8.0	16.0	6.0	11.0	11.0	8.0	7.0	12.0	17.0	7.0	14.0	24.0	13.0	11.0	19.0	5.0	12.0	15.0	11.0	12.0	2.0	2.0	23.0	19.0	10.0	8.0	9.0	7.0	30.0	6.0	12.0	12.0	6.0	31.0	6.0	2.0	6.0	4.0	11.0	14.0	12.0	9.0	66	F	114	363	195	Nan	73	PBC
S27_TCMR	40.0	63.0	29.0	64.0	42.0	14.0	48.0	61.0	29.0	19.0	34.0	47.0	19.0	42.0	48.0	110.0	96.0	11.0	14.0	20.0	7.0	62.0	23.0	40.0	42.0	43.0	37.0	39.0	81.0	63.0	38.0	142.0	73.0	58.0	38.0	36.0	66.0	47.0	87.0	70.0	19.0	24.0	11.0	124.0	7.0	34.0	59.0	9.0	9.0	17.0	56.0	35.0	31.0	42.0	105.0	58.0	55.0	58.0	51.0	29.0	70.0	43.0	52.0	25.0	38.0	32.0	76.0	46.0	83.0	23.0	59.0	53.0	86.0	77.0	61.0	14.0	83.0	95.0	50.0	60.0	34.0	64.0	42.0	15.0	52.0	75.0	43.0	70.0	58.0	53.0	45.0	84.0	70.0	38.0	73.0	83.0	108.0	98.0	41.0	44.0	47.0	24.0	40.0	42.0	18.0	17.0	11.0	65.0	95.0	120.0	111.0	30.0	83.0	165.0	73.0	10.0	126.0	55.0	83.0	19.0	11.0	6.0	3.0	20.0	35.0	12.0	10.0	7.0	19.0	139.0	159.0	87.0	43.0	29.0	11.0	46.0	50.0	33.0	127.0	53.0	30.0	95.0	77.0	72.0	12.0	12.0	14.0	20.0	36.0	55.0	41.0	43.0	68.0	115.0	87.0	18.0	27.0	49.0	67.0	29.0	26.0	21.0	4.0	7.0	16.0	19.0	60.0	51.0	42.0	59.0	76.0	81.0	83.0	31.0	18.0	18.0	18.0	95.0	36.0	140.0	180.0	13.0	33.0	36.0	43.0	95.0	21.0	48.0	29.0	48.0	20.0	19.0	26.0	90.0	77.0	95.0	51.0	81.0	94.0	10.0	120.0	93.0	47.0	50.0	52.0	64.0	32.0	78.0	74.0	20.0	58.0	57.0	17.0	50.0	59.0	29.0	52.0	7.0	49.0	53.0	49.0	49.0	62.0	95.0	51.0	103.0	56.0	35.0	34.0	53.0	29.0	51.0	10.0	60.0	77.0	24.0	12.0	14.0	13.0	16.0	10.0	19.0	14.0	10.0	19.0	55.0	41.0	73.0	67.0	27.0	56.0	28.0	90.0	83.0	17.0	33.0	62.0	39.0	23.0	44.0	12.0	33.0	32.0	38.0	54.0	37.0	46.0	27.0	60.0	88.0	46.0	33.0	60.0	16.0	33.0	41.0	62.0	45.0	15.0	16.0	100.0	92.0	67.0	40.0	53.0	45.0	87.0	36.0	53.0	62.0	34.0	129.0	37.0	39.0	38.0	22.0	38.0	83.0	30.0	26.0	59	M	103	1540	132	60	66	HCV
S28_TCMR	55.0	82.0	38.0	54.0	50.0	20.0	42.0	57.0	35.0	31.0	51.0	78.0	22.0	75.0	67.0	108.0	99.0	18.0	23.0	34.0	21.0	57.0	26.0	49.0	55.0	51.0	44.0	27.0	104.0	109.0	55.0	152.0	109.0	43.0	40.0	41.0	76.0	51.0	108.0	79.0	22.0	41.0	22.0	149.0	19.0	51.0	82.0	15.0	14.0	24.0	78.0	36.0	31.0	45.0	101.0	75.0	63.0	62.0	61.0	39.0	106.0	38.0	40.0	46.0	49.0	47.0	101.0	50.0	125.0	17.0	83.0	65.0	104.0	61.0	67.0	33.0	86.0	85.0	50.0	55.0	42.0	68.0	29.0	22.0	45.0	65.0	53.0	70.0	71.0	48.0	57.0	100.0	102.0	41.0	81.0	92.0	153.0	138.0	42.0	38.0	54.0	34.0	61.0	75.0	17.0	12.0	6.0	72.0	106.0	145.0	159.0	34.0	81.0	183.0	129.0	22.0	157.0	70.0	82.0	18.0	1.0	12.0	3.0	23.0	12.0	12.0	9.0	10.0	24.0	126.0	188.0	91.0	70.0	32.0	12.0	43.0	54.0	44.0	180.0	44.0	44.0	109.0	73.0	70.0	37.0	35.0	19.0	28.0	46.0	66.0	48.0	51.0	69.0	147.0	125.0	12.0	28.0	86.0	59.0	28.0	28.0	45.0	22.0	12.0	27.0	23.0	53.0	79.0	60.0	92.0	80.0	99.0	77.0	35.0	22.0	39.0	39.0	95.0	45.0	152.0	193.0	9.0	23.0	57.0	41.0	135.0	28.0	47.0	47.0	35.0	26.0	34.0	30.0	92.0	85.0	91.0	50.0	86.0	102.0	18.0	143.0	112.0	60.0	70.0	61.0	63.0	30.0	75.0	103.0	43.0	66.0	62.0	27.0	68.0	71.0	41.0	42.0	14.0	45.0	48.0	43.0	54.0	73.0	121.0	63.0	101.0	59.0	22.0	22.0	53.0	37.0	61.0	25.0	80.0	97.0	42.0	23.0	17.0	15.0	26.0	21.0	7.0	20.0	5.0	25.0	58.0	54.0	54.0	48.0	48.0	48.0	28.0	105.0	119.0	26.0	47.0	66.0	62.0	31.0	38.0	18.0	59.0	57.0	36.0	45.0	46.0	111.0	21.0	64.0	93.0	64.0	52.0	58.0	30.0	38.0	53.0	46.0	72.0	15.0	15.0	117.0	110.0	51.0	34.0	60.0	30.0	72.0	51.0	90.0	70.0	31.0	148.0	38.0	16.0	34.0	15.0	54.0	81.0	56.0	15.0	66	M	123	484	200	80	72	HBV
S29_TCMR	49.0	124.0	61.0	76.0	80.0	17.0	89.0	101.0	43.0	48.0	81.0	114.0	38.0	97.0	122.0	133.0	125.0	36.0	41.0	19.0	23.0	58.0	30.0	67.0	72.0	66.0	78.0	10.0	149.0	119.0	84.0	217.0	114.0	26.0	68.0	59.0	105.0	78.0	122.0	94.0	31.0	27.0	20.0	232.0	13.0	52.0	66.0	21.0	25.0	47.0	95.0	26.0	54.0	80.0	111.0	104.0	94.0	75.0	68.0	49.0	147.0	65.0	64.0	40.0	76.0	76.0	156.0	69.0	191.0	18.0	74.0	94.0	117.0	88.0	70.0	32.0	104.0	120.0	79.0	72.0	56.0	108.0	69.0	46.0	69.0	73.0	72.0	92.0	93.0	68.0	51.0	146.0	141.0	71.0	110.0	154.0	144.0	135.0	51.0	46.0	57.0	53.0	51.0	67.0	26.0	34.0	28.0	67.0	102.0	186.0	220.0	44.0	93.0	275.0	115.0	31.0	191.0	132.0	104.0	17.0	8.0	10.0	2.0	11.0	8.0	1.0	1.0	7.0	30.0	180.0	226.0	116.0	122.0	44.0	10.0	57.0	88.0	57.0	165.0	76.0	15.0	129.0	89.0	118.0	30.0	29.0	21.0	39.0	59.0	97.0	66.0	69.0	81.0	230.0	158.0	28.0	31.0	108.0	108.0	51.0	36.0	47.0	36.0	5.0	36.0	10.0	46.0	102.0	96.0	110.0	62.0	133.0	115.0	47.0	22.0	52.0	56.0	111.0	71.0	229.0	280.0	22.0	38.0	79.0	63.0	137.0	13.0	89.0	25.0	54.0	14.0	16.0	46.0	150.0	131.0	124.0	47.0	112.0	148.0	23.0	147.0	113.0	71.0	91.0	85.0	128.0	70.0	115.0	107.0	67.0	95.0	59.0	25.0	61.0	109.0	50.0	65.0	21.0	69.0	93.0	90.0	104.0	104.0	135.0	106.0	131.0	92.0	45.0	46.0	72.0	66.0	94.0	30.0	103.0	97.0	47.0	4.0	8.0	15.0	22.0	13.0	14.0	6.0	10.0	22.0	65.0	75.0	149.0	139.0	36.0	82.0	51.0	153.0	186.0	28.0	56.0	84.0	89.0	36.0	78.0	7.0	78.0	78.0	59.0	82.0	92.0	123.0	37.0	99.0	94.0	81.0	65.0	80.0	37.0	56.0	72.0	102.0	116.0	22.0	23.0	161.0	148.0	82.0	48.0	64.0	41.0	126.0	89.0	92.0	108.0	39.0	196.0	56.0	26.0	53.0	33.0	79.0	152.0	68.0	38.0	70	M	121	489	974	23	158	Alcohol
S30_TCMR	25.0	99.0	35.0	63.0	47.0	9.0	45.0	79.0	28.0	27.0	58.0	76.0	22.0	44.0	88.0	121.0	101.0	11.0	13.0	23.0	20.0	40.0	24.0	56.0	59.0	57.0	47.0	24.0	99.0	92.0	70.0	165.0	83.0	32.0	47.0	46.0	81.0	54.0	83.0	68.0	20.0	24.0	21.0	152.0	8.0	35.0	64.0	15.0	13.0	34.0	67.0	25.0	49.0	48.0	66.0	69.0	52.0	78.0	77.0	32.0	75.0	29.0	45.0	43.0	63.0	66.0	70.0	49.0	109.0	9.0	46.0	61.0	85.0	77.0	62.0	20.0	65.0	99.0	38.0	33.0	43.0	82.0	49.0	29.0	47.0	43.0	37.0	77.0	78.0	41.0	65.0	74.0	65.0	82.0	70.0	131.0	136.0	127.0	36.0	41.0	60.0	43.0	48.0	43.0	24.0	13.0	14.0	47.0	83.0	106.0	125.0	37.0	85.0	184.0	97.0	18.0	145.0	52.0	58.0	12.0	14.0	12.0	5.0	15.0	11.0	4.0	10.0	12.0	24.0	84.0	134.0	89.0	84.0	30.0	8.0	55.0	59.0	35.0	115.0	59.0	19.0	108.0	82.0	86.0	16.0	16.0	15.0	19.0	42.0	81.0	36.0	37.0	71.0	156.0	107.0	22.0	34.0	76.0	54.0	48.0	44.0	30.0	12.0	6.0	21.0	27.0	45.0	59.0	56.0	91.0	52.0	112.0	118.0	31.0	8.0	37.0	39.0	98.0	73.0	141.0	191.0	23.0	13.0	41.0	35.0	95.0	8.0	63.0	29.0	27.0	14.0	16.0	40.0	80.0	94.0	90.0	65.0	80.0	112.0	9.0	139.0	110.0	62.0	44.0	38.0	85.0	54.0	69.0	75.0	33.0	45.0	54.0	15.0	70.0	70.0	32.0	61.0	15.0	45.0	39.0	46.0	55.0	69.0	100.0	74.0	97.0	53.0	11.0	11.0	54.0	34.0	65.0	32.0	50.0	73.0	32.0	15.0	14.0	6.0	21.0	11.0	15.0	7.0	6.0	8.0	48.0	53.0	82.0	77.0	31.0	70.0	34.0	79.0	64.0	17.0	39.0	49.0	47.0	25.0	54.0	10.0	61.0	59.0	35.0	52.0	52.0	88.0	27.0	73.0	69.0	59.0	56.0	59.0	36.0	35.0	47.0	66.0	62.0	25.0	25.0	95.0	94.0	77.0	55.0	31.0	36.0	97.0	55.0	76.0	77.0	23.0	147.0	39.0	16.0	20.0	18.0	67.0	104.0	47.0	33.0	59	M	124	239	204	50	85	HCV
S31_TCMR	24.0	21.0	14.0	28.0	18.0	6.0	20.0	30.0	14.0	10.0	32.0	45.0	9.0	26.0	25.0	36.0	33.0	8.0	12.0	10.0	2.0	24.0	8.0	23.0	15.0	14.0	17.0	5.0	48.0	33.0	26.0	72.0	29.0	16.0	18.0	20.0	25.0	24.0	36.0	33.0	14.0	4.0	2.0	63.0	5.0	12.0	24.0	4.0	4.0	10.0	23.0	8.0	14.0	7.0	30.0	28.0	24.0	36.0	33.0	7.0	52.0	23.0	18.0	12.0	13.0	15.0	36.0	12.0	48.0	6.0	20.0	27.0	43.0	35.0	32.0	10.0	30.0	35.0	28.0	24.0	13.0	25.0	24.0	15.0	16.0	26.0	18.0	30.0	26.0	17.0	18.0	32.0	39.0	12.0	23.0	47.0	46.0	48.0	26.0	21.0	28.0	16.0	15.0	25.0	14.0	26.0	24.0	32.0	43.0	45.0	60.0	12.0	35.0	62.0	39.0	12.0	56.0	24.0	30.0	14.0	7.0	2.0	4.0	6.0	12.0	2.0	7.0	6.0	13.0	51.0	55.0	40.0	23.0	17.0	3.0	13.0	22.0	17.0	72.0	26.0	9.0	35.0	26.0	32.0	4.0	4.0	6.0	15.0	28.0	27.0	14.0	17.0	28.0	65.0	38.0	7.0	16.0	33.0	42.0	14.0	13.0	18.0	2.0	4.0	8.0	10.0	20.0	31.0	17.0	25.0	20.0	42.0	32.0	23.0	4.0	10.0	12.0	53.0	14.0	67.0	84.0	8.0	11.0	18.0	20.0	33.0	10.0	36.0	15.0	22.0	4.0	6.0	19.0	29.0	27.0	38.0	17.0	39.0	48.0	2.0	60.0	45.0	38.0	30.0	30.0	33.0	16.0	30.0	37.0	11.0	28.0	33.0	9.0	24.0	27.0	21.0	15.0	17.0	13.0	25.0	19.0	20.0	47.0	45.0	25.0	44.0	19.0	16.0	16.0	28.0	13.0	22.0	7.0	23.0	37.0	16.0	8.0	16.0	26.0	19.0	9.0	26.0	23.0	4.0	10.0	15.0	25.0	38.0	34.0	23.0	39.0	6.0	25.0	20.0	8.0	13.0	24.0	20.0	7.0	36.0	3.0	34.0	34.0	21.0	27.0	23.0	34.0	13.0	36.0	41.0	24.0	25.0	10.0	10.0	18.0	20.0	21.0	20.0	4.0	4.0	49.0	45.0	26.0	16.0	14.0	18.0	40.0	18.0	25.0	30.0	13.0	68.0	21.0	11.0	19.0	7.0	26.0	40.0	24.0	15.0	19	F	119	376	200	29	51	Autoimmune
S32_TCMR	53.0	81.0	42.0	79.0	59.0	9.0	51.0	80.0	30.0	32.0	63.0	84.0	43.0	63.0	69.0	106.0	90.0	16.0	20.0	32.0	21.0	61.0	41.0	62.0	64.0	60.0	48.0	32.0	112.0	82.0	61.0	131.0	92.0	49.0	36.0	36.0	61.0	60.0	89.0	81.0	22.0	50.0	38.0	175.0	16.0	43.0	79.0	15.0	12.0	33.0	76.0	39.0	55.0	51.0	113.0	80.0	68.0	77.0	71.0	39.0	103.0	34.0	43.0	39.0	49.0	50.0	100.0	56.0	118.0	30.0	60.0	72.0	110.0	94.0	46.0	24.0	66.0	71.0	62.0	61.0	47.0	70.0	55.0	20.0	60.0	63.0	62.0	67.0	57.0	42.0	74.0	88.0	92.0	41.0	78.0	112.0	131.0	115.0	50.0	48.0	69.0	53.0	39.0	87.0	26.0	23.0	22.0	83.0	131.0	144.0	144.0	31.0	72.0	169.0	107.0	12.0	126.0	67.0	68.0	21.0	14.0	18.0	6.0	8.0	21.0	9.0	9.0	10.0	31.0	138.0	166.0	108.0	80.0	40.0	22.0	44.0	91.0	57.0	167.0	37.0	24.0	112.0	92.0	75.0	14.0	13.0	22.0	54.0	84.0	77.0	26.0	25.0	85.0	152.0	103.0	28.0	36.0	92.0	64.0	31.0	24.0	39.0	19.0	8.0	19.0	13.0	54.0	70.0	48.0	87.0	77.0	117.0	94.0	51.0	18.0	34.0	44.0	92.0	49.0	172.0	211.0	26.0	23.0	79.0	52.0	116.0	22.0	74.0	43.0	46.0	13.0	13.0	53.0	108.0	133.0	71.0	79.0	97.0	128.0	18.0	148.0	121.0	53.0	78.0	68.0	76.0	46.0	74.0	78.0	45.0	64.0	65.0	26.0	59.0	67.0	44.0	50.0	20.0	45.0	57.0	49.0	55.0	93.0	126.0	70.0	110.0	65.0	27.0	28.0	58.0	37.0	51.0	27.0	58.0	77.0	36.0	23.0	12.0	13.0	23.0	12.0	23.0	18.0	10.0	17.0	53.0	60.0	95.0	99.0	44.0	68.0	27.0	106.0	104.0	21.0	37.0	55.0	63.0	35.0	65.0	8.0	65.0	65.0	37.0	47.0	52.0	84.0	26.0	75.0	93.0	63.0	33.0	68.0	22.0	36.0	47.0	65.0	57.0	14.0	17.0	112.0	103.0	44.0	35.0	63.0	42.0	100.0	56.0	87.0	71.0	25.0	155.0	36.0	32.0	53.0	26.0	56.0	89.0	56.0	13.0	51	M	87	555	45	Nan	161	Alcohol
S33_TCMR	42.0	80.0	53.0	82.0	63.0	16.0	69.0	87.0	40.0	37.0	85.0	104.0	39.0	55.0	84.0	109.0	96.0	11.0	17.0	5.0	27.0	55.0	24.0	58.0	40.0	37.0	74.0	5.0	112.0	97.0	51.0	172.0	77.0	13.0	52.0	50.0	87.0	72.0	104.0	94.0	39.0	31.0	17.0	163.0	3.0	37.0	74.0	21.0	20.0	48.0	69.0	9.0	38.0	79.0	106.0	81.0	78.0	62.0	59.0	42.0	138.0	40.0	56.0	32.0	74.0	71.0	109.0	48.0	148.0	2.0	35.0	100.0	136.0	69.0	81.0	14.0	69.0	88.0	100.0	42.0	43.0	71.0	46.0	42.0	62.0	80.0	47.0	91.0	73.0	67.0	44.0	98.0	103.0	71.0	77.0	135.0	133.0	119.0	64.0	56.0	72.0	12.0	39.0	48.0	29.0	25.0	19.0	24.0	54.0	124.0	177.0	36.0	88.0	252.0	135.0	26.0	167.0	94.0	84.0	10.0	19.0	9.0	3.0	20.0	17.0	21.0	17.0	7.0	41.0	163.0	215.0	111.0	109.0	27.0	12.0	46.0	77.0	46.0	173.0	56.0	16.0	119.0	84.0	91.0	22.0	21.0	22.0	18.0	42.0	89.0	36.0	38.0	85.0	176.0	131.0	21.0	26.0	84.0	78.0	48.0	49.0	24.0	15.0	25.0	11.0	9.0	58.0	74.0	72.0	73.0	62.0	127.0	100.0	31.0	16.0	25.0	29.0	127.0	67.0	163.0	200.0	15.0	27.0	60.0	12.0	117.0	7.0	102.0	21.0	44.0	15.0	15.0	47.0	144.0	104.0	112.0	47.0	106.0	141.0	23.0	172.0	124.0	49.0	65.0	48.0	99.0	61.0	91.0	92.0	48.0	68.0	92.0	22.0	67.0	81.0	34.0	57.0	22.0	41.0	67.0	63.0	73.0	82.0	108.0	49.0	135.0	57.0	37.0	33.0	59.0	31.0	48.0	24.0	67.0	109.0	50.0	18.0	8.0	10.0	32.0	7.0	3.0	15.0	8.0	14.0	77.0	62.0	105.0	98.0	20.0	75.0	34.0	100.0	65.0	22.0	43.0	89.0	76.0	22.0	57.0	17.0	53.0	49.0	54.0	55.0	67.0	111.0	34.0	106.0	114.0	45.0	55.0	48.0	23.0	47.0	58.0	64.0	81.0	15.0	20.0	139.0	128.0	45.0	28.0	57.0	39.0	98.0	51.0	118.0	81.0	44.0	159.0	45.0	5.0	38.0	23.0	57.0	89.0	56.0	19.0	34	M	97	289	67	80	170	PSC
S34_TCMR	19.0	114.0	48.0	56.0	32.0	19.0	55.0	77.0	16.0	19.0	39.0	55.0	40.0	55.0	127.0	101.0	90.0	3.0	4.0	48.0	17.0	66.0	34.0	45.0	71.0	69.0	43.0	34.0	81.0	73.0	52.0	129.0	80.0	60.0	39.0	39.0	82.0	58.0	69.0	82.0	27.0	11.0	9.0	157.0	8.0	19.0	58.0	24.0	20.0	24.0	35.0	41.0	56.0	41.0	94.0	71.0	71.0	50.0	49.0	35.0	79.0	45.0	56.0	15.0	43.0	48.0	74.0	62.0	101.0	22.0	71.0	58.0	99.0	149.0	66.0	24.0	60.0	74.0	54.0	76.0	60.0	103.0	61.0	32.0	53.0	49.0	63.0	69.0	68.0	37.0	67.0	83.0	97.0	69.0	48.0	74.0	112.0	103.0	37.0	37.0	96.0	81.0	61.0	111.0	50.0	9.0	8.0	147.0	192.0	114.0	178.0	40.0	71.0	165.0	69.0	25.0	164.0	59.0	47.0	13.0	8.0	8.0	2.0	15.0	19.0	9.0	6.0	5.0	14.0	125.0	197.0	109.0	75.0	28.0	7.0	47.0	66.0	40.0	109.0	33.0	32.0	123.0	95.0	96.0	12.0	12.0	28.0	44.0	83.0	78.0	40.0	43.0	66.0	176.0	126.0	19.0	26.0	55.0	62.0	38.0	29.0	69.0	4.0	6.0	15.0	19.0	47.0	60.0	50.0	78.0	76.0	123.0	115.0	51.0	18.0	43.0	47.0	88.0	48.0	148.0	210.0	10.0	29.0	33.0	81.0	113.0	24.0	42.0	17.0	25.0	11.0	12.0	55.0	44.0	107.0	95.0	82.0	114.0	166.0	15.0	176.0	126.0	58.0	90.0	74.0	85.0	57.0	90.0	68.0	45.0	46.0	73.0	13.0	38.0	38.0	33.0	55.0	38.0	32.0	77.0	46.0	57.0	73.0	99.0	85.0	92.0	52.0	22.0	17.0	67.0	36.0	57.0	30.0	61.0	77.0	22.0	6.0	8.0	6.0	18.0	6.0	9.0	12.0	6.0	5.0	52.0	42.0	93.0	93.0	36.0	89.0	30.0	74.0	77.0	44.0	59.0	37.0	50.0	38.0	43.0	9.0	37.0	33.0	30.0	54.0	47.0	67.0	30.0	54.0	90.0	63.0	55.0	41.0	21.0	43.0	58.0	64.0	53.0	7.0	8.0	105.0	98.0	68.0	49.0	36.0	60.0	89.0	54.0	77.0	83.0	21.0	98.0	36.0	29.0	25.0	17.0	61.0	84.0	37.0	24.0	64	M	112	354	213	393	86	HCV
S35_TCMR	44.0	97.0	46.0	108.0	71.0	19.0	77.0	95.0	38.0	35.0	68.0	95.0	43.0	71.0	73.0	114.0	107.0	23.0	29.0	36.0	22.0	92.0	34.0	66.0	48.0	44.0	56.0	32.0	130.0	97.0	63.0	230.0	116.0	73.0	54.0	47.0	81.0	75.0	140.0	117.0	46.0	30.0	21.0	208.0	28.0	44.0	87.0	20.0	16.0	31.0	70.0	52.0	44.0	58.0	127.0	76.0	83.0	58.0	57.0	39.0	139.0	39.0	59.0	38.0	39.0	42.0	120.0	60.0	114.0	37.0	112.0	92.0	112.0	143.0	94.0	37.0	99.0	113.0	86.0	88.0	37.0	69.0	47.0	24.0	108.0	85.0	59.0	86.0	78.0	68.0	112.0	129.0	131.0	71.0	98.0	117.0	153.0	138.0	56.0	57.0	75.0	54.0	65.0	111.0	36.0	24.0	22.0	144.0	216.0	218.0	236.0	36.0	94.0	246.0	163.0	34.0	200.0	92.0	90.0	12.0	8.0	2.0	9.0	18.0	20.0	3.0	6.0	9.0	52.0	207.0	239.0	156.0	113.0	34.0	9.0	57.0	74.0	57.0	233.0	58.0	44.0	159.0	122.0	79.0	16.0	16.0	12.0	32.0	59.0	91.0	46.0	47.0	92.0	170.0	131.0	21.0	36.0	105.0	83.0	49.0	43.0	45.0	21.0	12.0	17.0	20.0	85.0	76.0	73.0	80.0	116.0	151.0	104.0	34.0	39.0	23.0	33.0	114.0	41.0	188.0	234.0	17.0	43.0	51.0	91.0	140.0	17.0	66.0	52.0	58.0	19.0	20.0	41.0	110.0	136.0	127.0	82.0	128.0	157.0	10.0	181.0	136.0	71.0	50.0	50.0	106.0	65.0	107.0	91.0	39.0	80.0	56.0	28.0	93.0	116.0	45.0	56.0	18.0	53.0	54.0	91.0	89.0	104.0	162.0	79.0	150.0	77.0	27.0	27.0	77.0	37.0	55.0	38.0	69.0	109.0	48.0	6.0	4.0	4.0	10.0	10.0	2.0	12.0	7.0	4.0	78.0	68.0	101.0	92.0	43.0	90.0	40.0	120.0	123.0	34.0	54.0	89.0	66.0	40.0	53.0	11.0	68.0	65.0	41.0	66.0	65.0	114.0	25.0	76.0	98.0	82.0	54.0	82.0	35.0	47.0	61.0	79.0	106.0	21.0	23.0	153.0	142.0	68.0	48.0	56.0	68.0	68.0	56.0	94.0	73.0	24.0	147.0	56.0	69.0	41.0	22.0	62.0	125.0	32.0	53.0	47	M	93	205	213	111	82	Alcohol
S36_TCMR	30.0	50.0	26.0	36.0	40.0	9.0	48.0	60.0	20.0	20.0	42.0	54.0	29.0	24.0	32.0	53.0	46.0	13.0	20.0	20.0	19.0	40.0	25.0	20.0	34.0	29.0	41.0	8.0	59.0	61.0	20.0	96.0	56.0	31.0	19.0	17.0	43.0	30.0	54.0	54.0	20.0	15.0	9.0	110.0	4.0	15.0	35.0	10.0	8.0	10.0	37.0	19.0	20.0	29.0	74.0	51.0	54.0	26.0	25.0	22.0	45.0	25.0	23.0	9.0	23.0	23.0	39.0	22.0	76.0	13.0	38.0	58.0	85.0	58.0	33.0	4.0	47.0	44.0	48.0	45.0	35.0	51.0	21.0	11.0	43.0	45.0	29.0	42.0	36.0	32.0	23.0	51.0	59.0	27.0	44.0	50.0	73.0	69.0	35.0	40.0	38.0	40.0	27.0	44.0	20.0	16.0	15.0	49.0	71.0	96.0	94.0	17.0	55.0	112.0	78.0	12.0	83.0	41.0	53.0	17.0	8.0	10.0	2.0	13.0	18.0	6.0	6.0	11.0	14.0	89.0	110.0	70.0	67.0	20.0	3.0	32.0	44.0	40.0	117.0	27.0	14.0	75.0	52.0	42.0	16.0	15.0	16.0	14.0	28.0	54.0	27.0	29.0	51.0	80.0	65.0	15.0	21.0	41.0	57.0	32.0	31.0	32.0	7.0	10.0	16.0	15.0	30.0	39.0	30.0	59.0	43.0	62.0	53.0	27.0	15.0	22.0	22.0	63.0	35.0	107.0	116.0	13.0	28.0	26.0	40.0	76.0	16.0	43.0	21.0	39.0	8.0	11.0	25.0	53.0	64.0	45.0	42.0	44.0	53.0	6.0	99.0	74.0	50.0	47.0	35.0	62.0	29.0	55.0	35.0	25.0	40.0	37.0	17.0	36.0	41.0	25.0	25.0	14.0	16.0	44.0	50.0	61.0	58.0	72.0	43.0	72.0	32.0	19.0	20.0	39.0	17.0	29.0	16.0	40.0	46.0	19.0	16.0	14.0	13.0	16.0	11.0	10.0	22.0	10.0	15.0	32.0	42.0	55.0	51.0	20.0	22.0	35.0	59.0	38.0	14.0	22.0	33.0	27.0	10.0	38.0	10.0	34.0	34.0	26.0	39.0	42.0	57.0	15.0	39.0	52.0	37.0	22.0	22.0	20.0	20.0	24.0	36.0	53.0	8.0	9.0	78.0	68.0	38.0	28.0	18.0	38.0	42.0	34.0	48.0	39.0	28.0	98.0	34.0	15.0	27.0	17.0	34.0	70.0	41.0	23.0	68	M	122	474	546	121	123	HCV
S37_TCMR	41.0	47.0	28.0	36.0	30.0	12.0	35.0	75.0	25.0	28.0	35.0	55.0	20.0	41.0	45.0	92.0	74.0	13.0	18.0	15.0	14.0	55.0	11.0	47.0	33.0	39.0	37.0	24.0	82.0	74.0	50.0	121.0	55.0	22.0	34.0	28.0	43.0	37.0	57.0	38.0	28.0	32.0	21.0	129.0	12.0	48.0	52.0	10.0	6.0	21.0	57.0	18.0	40.0	22.0	84.0	53.0	68.0	50.0	51.0	30.0	73.0	29.0	28.0	20.0	40.0	40.0	71.0	42.0	97.0	20.0	50.0	60.0	86.0	57.0	40.0	17.0	59.0	55.0	66.0	39.0	29.0	51.0	25.0	23.0	35.0	57.0	23.0	62.0	52.0	71.0	53.0	63.0	88.0	37.0	66.0	60.0	91.0	82.0	31.0	29.0	42.0	21.0	44.0	38.0	36.0	17.0	14.0	36.0	77.0	117.0	146.0	21.0	57.0	142.0	94.0	14.0	122.0	58.0	57.0	21.0	10.0	3.0	2.0	13.0	17.0	11.0	13.0	12.0	28.0	101.0	128.0	105.0	66.0	16.0	7.0	37.0	52.0	31.0	106.0	31.0	25.0	88.0	75.0	51.0	12.0	12.0	8.0	29.0	47.0	67.0	36.0	34.0	65.0	100.0	85.0	13.0	14.0	88.0	49.0	29.0	28.0	30.0	15.0	13.0	14.0	14.0	66.0	49.0	58.0	68.0	50.0	70.0	66.0	35.0	25.0	24.0	25.0	55.0	43.0	132.0	163.0	12.0	19.0	37.0	36.0	87.0	9.0	66.0	37.0	43.0	10.0	9.0	25.0	98.0	95.0	68.0	50.0	90.0	98.0	8.0	115.0	82.0	54.0	46.0	47.0	76.0	42.0	50.0	72.0	13.0	46.0	42.0	17.0	58.0	49.0	26.0	39.0	12.0	41.0	47.0	45.0	43.0	72.0	92.0	60.0	107.0	46.0	16.0	15.0	36.0	34.0	51.0	13.0	53.0	75.0	20.0	37.0	29.0	26.0	27.0	27.0	22.0	37.0	8.0	40.0	36.0	43.0	72.0	60.0	24.0	56.0	25.0	56.0	53.0	14.0	32.0	42.0	57.0	17.0	38.0	9.0	45.0	43.0	50.0	51.0	49.0	75.0	17.0	55.0	86.0	52.0	44.0	40.0	20.0	22.0	34.0	55.0	73.0	10.0	10.0	100.0	101.0	40.0	29.0	47.0	30.0	56.0	33.0	60.0	60.0	36.0	104.0	34.0	17.0	30.0	17.0	51.0	93.0	28.0	23.0	56	M	97	408	57	36	125	HBV
S13_ControlLT	42.0	48.0	25.0	17.0	33.0	6.0	18.0	33.0	10.0	15.0	18.0	35.0	9.0	12.0	26.0	29.0	22.0	5.0	7.0	6.0	9.0	34.0	3.0	24.0	27.0	26.0	23.0	8.0	49.0	34.0	18.0	72.0	25.0	11.0	21.0	18.0	29.0	24.0	50.0	31.0	10.0	18.0	9.0	74.0	11.0	12.0	17.0	7.0	3.0	16.0	26.0	8.0	15.0	32.0	49.0	36.0	29.0	35.0	31.0	14.0	40.0	16.0	22.0	14.0	19.0	22.0	53.0	39.0	56.0	5.0	29.0	52.0	54.0	21.0	32.0	14.0	43.0	52.0	29.0	18.0	18.0	24.0	19.0	10.0	25.0	40.0	29.0	26.0	24.0	20.0	9.0	33.0	37.0	20.0	29.0	63.0	36.0	48.0	29.0	26.0	20.0	4.0	17.0	22.0	13.0	14.0	7.0	19.0	36.0	50.0	85.0	18.0	54.0	85.0	32.0	14.0	68.0	39.0	32.0	23.0	31.0	13.0	8.0	19.0	15.0	10.0	20.0	13.0	28.0	35.0	49.0	44.0	35.0	17.0	6.0	22.0	18.0	18.0	63.0	24.0	11.0	33.0	25.0	32.0	12.0	12.0	16.0	7.0	24.0	33.0	16.0	21.0	34.0	78.0	67.0	5.0	8.0	33.0	39.0	13.0	17.0	11.0	18.0	19.0	7.0	8.0	27.0	36.0	24.0	33.0	46.0	51.0	30.0	19.0	9.0	11.0	16.0	49.0	19.0	67.0	88.0	12.0	17.0	21.0	13.0	39.0	2.0	21.0	16.0	22.0	2.0	4.0	13.0	56.0	48.0	34.0	17.0	41.0	46.0	4.0	40.0	28.0	23.0	41.0	40.0	34.0	19.0	56.0	46.0	23.0	39.0	36.0	9.0	29.0	27.0	23.0	19.0	10.0	11.0	22.0	17.0	23.0	41.0	60.0	20.0	45.0	19.0	8.0	9.0	26.0	16.0	24.0	10.0	20.0	50.0	13.0	23.0	15.0	19.0	20.0	12.0	13.0	20.0	22.0	22.0	19.0	21.0	38.0	30.0	10.0	16.0	11.0	37.0	34.0	11.0	12.0	25.0	39.0	15.0	29.0	10.0	31.0	29.0	27.0	22.0	24.0	36.0	12.0	42.0	45.0	32.0	19.0	27.0	13.0	26.0	30.0	40.0	32.0	10.0	18.0	49.0	54.0	16.0	8.0	25.0	13.0	20.0	26.0	44.0	20.0	13.0	57.0	21.0	3.0	11.0	7.0	22.0	58.0	25.0	12.0	65	M	155	96	20	21	78	Alcohol
S14_ControlLT	38.0	47.0	33.0	41.0	20.0	8.0	36.0	32.0	15.0	22.0	39.0	56.0	15.0	29.0	28.0	30.0	23.0	12.0	14.0	3.0	11.0	22.0	4.0	22.0	17.0	20.0	41.0	4.0	66.0	50.0	38.0	75.0	51.0	11.0	20.0	18.0	27.0	35.0	95.0	26.0	10.0	15.0	21.0	116.0	11.0	25.0	39.0	6.0	4.0	16.0	40.0	4.0	23.0	21.0	49.0	35.0	36.0	32.0	31.0	9.0	43.0	26.0	20.0	15.0	24.0	29.0	68.0	32.0	65.0	6.0	33.0	44.0	52.0	29.0	29.0	13.0	61.0	42.0	50.0	14.0	19.0	34.0	21.0	9.0	21.0	33.0	27.0	37.0	32.0	47.0	11.0	49.0	51.0	31.0	42.0	54.0	57.0	61.0	41.0	38.0	24.0	12.0	8.0	20.0	9.0	20.0	11.0	10.0	25.0	39.0	86.0	28.0	47.0	91.0	41.0	9.0	84.0	48.0	48.0	34.0	6.0	23.0	10.0	16.0	24.0	23.0	18.0	17.0	41.0	50.0	64.0	53.0	47.0	17.0	16.0	26.0	38.0	28.0	90.0	36.0	8.0	47.0	37.0	38.0	15.0	15.0	7.0	16.0	22.0	45.0	29.0	30.0	37.0	86.0	69.0	13.0	19.0	43.0	36.0	26.0	30.0	8.0	23.0	13.0	9.0	4.0	18.0	53.0	29.0	28.0	30.0	53.0	51.0	32.0	8.0	16.0	20.0	44.0	26.0	90.0	121.0	2.0	13.0	37.0	3.0	62.0	1.0	31.0	8.0	32.0	10.0	11.0	23.0	50.0	54.0	58.0	17.0	52.0	65.0	10.0	58.0	36.0	59.0	39.0	38.0	48.0	21.0	50.0	56.0	30.0	45.0	22.0	15.0	47.0	27.0	30.0	30.0	16.0	25.0	30.0	26.0	25.0	39.0	62.0	44.0	71.0	30.0	10.0	8.0	17.0	18.0	30.0	11.0	34.0	47.0	17.0	20.0	24.0	29.0	17.0	34.0	11.0	19.0	12.0	33.0	23.0	37.0	54.0	49.0	13.0	26.0	11.0	62.0	33.0	6.0	14.0	41.0	35.0	16.0	30.0	17.0	28.0	29.0	40.0	39.0	35.0	65.0	16.0	49.0	57.0	42.0	29.0	19.0	25.0	40.0	46.0	49.0	53.0	11.0	13.0	56.0	47.0	24.0	15.0	26.0	9.0	39.0	38.0	32.0	28.0	22.0	84.0	37.0	2.0	20.0	14.0	40.0	62.0	31.0	19.0	51	F	126	75	17	21	94	NASH
S15_ControlLT	31.0	35.0	26.0	25.0	24.0	4.0	28.0	30.0	21.0	15.0	37.0	56.0	3.0	16.0	21.0	48.0	34.0	13.0	19.0	4.0	6.0	28.0	8.0	21.0	20.0	18.0	28.0	3.0	46.0	48.0	18.0	69.0	27.0	9.0	25.0	23.0	31.0	24.0	52.0	24.0	18.0	5.0	6.0	66.0	10.0	28.0	23.0	11.0	12.0	16.0	44.0	8.0	15.0	29.0	49.0	45.0	34.0	28.0	27.0	12.0	41.0	13.0	7.0	13.0	16.0	18.0	39.0	23.0	68.0	4.0	36.0	41.0	36.0	20.0	31.0	8.0	33.0	57.0	42.0	12.0	16.0	23.0	22.0	11.0	21.0	38.0	24.0	32.0	20.0	18.0	18.0	39.0	46.0	24.0	39.0	42.0	40.0	36.0	31.0	24.0	22.0	8.0	12.0	21.0	17.0	6.0	2.0	12.0	24.0	58.0	93.0	15.0	38.0	100.0	26.0	10.0	74.0	41.0	34.0	47.0	27.0	16.0	13.0	21.0	30.0	12.0	17.0	19.0	40.0	61.0	74.0	35.0	52.0	17.0	14.0	28.0	19.0	16.0	70.0	21.0	2.0	54.0	34.0	32.0	8.0	5.0	5.0	12.0	22.0	38.0	15.0	15.0	33.0	67.0	55.0	11.0	18.0	37.0	27.0	23.0	17.0	17.0	18.0	15.0	7.0	4.0	23.0	35.0	20.0	51.0	23.0	50.0	36.0	26.0	6.0	11.0	11.0	39.0	15.0	69.0	101.0	5.0	14.0	23.0	9.0	58.0	1.0	15.0	7.0	28.0	8.0	10.0	20.0	44.0	52.0	28.0	21.0	50.0	50.0	2.0	49.0	40.0	28.0	19.0	19.0	38.0	19.0	46.0	34.0	21.0	35.0	36.0	20.0	35.0	39.0	20.0	26.0	10.0	21.0	26.0	27.0	33.0	38.0	37.0	28.0	54.0	34.0	13.0	13.0	30.0	14.0	25.0	13.0	28.0	30.0	22.0	35.0	33.0	42.0	41.0	37.0	22.0	34.0	12.0	40.0	30.0	21.0	44.0	36.0	15.0	17.0	12.0	62.0	54.0	4.0	16.0	31.0	36.0	7.0	20.0	12.0	28.0	29.0	22.0	25.0	26.0	57.0	18.0	44.0	43.0	35.0	13.0	32.0	12.0	17.0	19.0	33.0	28.0	8.0	9.0	51.0	40.0	18.0	12.0	21.0	8.0	30.0	18.0	45.0	37.0	14.0	61.0	27.0	3.0	16.0	10.0	28.0	67.0	48.0	12.0	47	F	143	80	16	21	64	NASH
S46_ControlLT	25.0	28.0	9.0	22.0	15.0	2.0	20.0	27.0	17.0	11.0	35.0	43.0	4.0	25.0	21.0	41.0	37.0	8.0	10.0	4.0	8.0	21.0	9.0	12.0	10.0	10.0	25.0	4.0	27.0	45.0	7.0	76.0	23.0	9.0	17.0	16.0	20.0	21.0	56.0	17.0	10.0	5.0	5.0	50.0	7.0	21.0	25.0	8.0	9.0	10.0	25.0	3.0	16.0	27.0	27.0	36.0	40.0	24.0	24.0	5.0	30.0	17.0	24.0	11.0	25.0	18.0	25.0	16.0	63.0	2.0	16.0	28.0	39.0	28.0	26.0	2.0	23.0	21.0	29.0	13.0	10.0	25.0	27.0	6.0	21.0	24.0	18.0	29.0	28.0	19.0	12.0	33.0	48.0	6.0	27.0	28.0	37.0	34.0	21.0	19.0	14.0	7.0	10.0	15.0	8.0	8.0	7.0	9.0	22.0	51.0	66.0	12.0	29.0	84.0	42.0	5.0	77.0	31.0	21.0	16.0	11.0	7.0	10.0	8.0	9.0	13.0	10.0	12.0	17.0	63.0	83.0	37.0	38.0	14.0	10.0	19.0	22.0	15.0	63.0	14.0	0.0	59.0	46.0	28.0	10.0	13.0	13.0	14.0	19.0	29.0	14.0	14.0	23.0	69.0	52.0	5.0	12.0	36.0	28.0	16.0	17.0	20.0	10.0	10.0	4.0	3.0	13.0	23.0	16.0	46.0	9.0	55.0	30.0	12.0	4.0	13.0	16.0	38.0	19.0	52.0	50.0	6.0	7.0	24.0	10.0	36.0	0.0	22.0	14.0	14.0	2.0	3.0	18.0	33.0	55.0	33.0	22.0	42.0	60.0	2.0	67.0	57.0	19.0	26.0	20.0	45.0	26.0	23.0	40.0	12.0	15.0	31.0	6.0	35.0	25.0	16.0	24.0	6.0	5.0	12.0	20.0	20.0	36.0	31.0	18.0	48.0	16.0	10.0	10.0	9.0	18.0	31.0	3.0	27.0	28.0	14.0	2.0	8.0	6.0	17.0	6.0	5.0	2.0	3.0	7.0	21.0	9.0	28.0	24.0	9.0	15.0	16.0	29.0	32.0	1.0	8.0	26.0	28.0	7.0	17.0	9.0	12.0	12.0	12.0	20.0	17.0	27.0	8.0	25.0	31.0	33.0	18.0	14.0	16.0	9.0	16.0	34.0	30.0	8.0	8.0	57.0	54.0	15.0	9.0	18.0	5.0	31.0	21.0	26.0	22.0	21.0	31.0	4.0	2.0	10.0	7.0	21.0	26.0	28.0	12.0	62	F	109	122	19	18	62	HCV
S47_ControlLT	21.0	24.0	21.0	31.0	20.0	7.0	25.0	24.0	18.0	12.0	27.0	34.0	7.0	25.0	21.0	43.0	34.0	6.0	4.0	1.0	7.0	23.0	2.0	19.0	9.0	8.0	23.0	4.0	37.0	27.0	10.0	57.0	35.0	7.0	8.0	8.0	26.0	19.0	38.0	21.0	6.0	4.0	6.0	70.0	7.0	17.0	21.0	3.0	2.0	8.0	27.0	4.0	20.0	14.0	23.0	33.0	25.0	20.0	20.0	5.0	35.0	17.0	11.0	6.0	10.0	10.0	33.0	12.0	55.0	4.0	23.0	30.0	50.0	14.0	15.0	2.0	23.0	39.0	24.0	10.0	13.0	25.0	19.0	11.0	20.0	27.0	17.0	31.0	26.0	20.0	17.0	25.0	38.0	13.0	27.0	25.0	37.0	33.0	18.0	13.0	31.0	5.0	13.0	15.0	7.0	4.0	2.0	15.0	34.0	43.0	52.0	14.0	27.0	70.0	37.0	3.0	52.0	29.0	23.0	18.0	5.0	3.0	12.0	7.0	13.0	11.0	11.0	5.0	18.0	55.0	68.0	39.0	31.0	18.0	10.0	17.0	20.0	20.0	61.0	22.0	2.0	46.0	31.0	26.0	8.0	8.0	7.0	8.0	19.0	28.0	25.0	26.0	23.0	50.0	40.0	3.0	7.0	31.0	28.0	13.0	14.0	15.0	16.0	10.0	5.0	2.0	19.0	30.0	13.0	28.0	14.0	50.0	43.0	13.0	2.0	5.0	7.0	30.0	12.0	48.0	68.0	8.0	9.0	13.0	2.0	44.0	3.0	16.0	6.0	10.0	14.0	14.0	19.0	49.0	42.0	20.0	15.0	48.0	50.0	8.0	59.0	45.0	23.0	26.0	17.0	38.0	23.0	29.0	30.0	10.0	16.0	30.0	10.0	28.0	24.0	12.0	18.0	1.0	15.0	11.0	10.0	13.0	33.0	36.0	15.0	38.0	27.0	11.0	10.0	25.0	12.0	22.0	3.0	24.0	15.0	15.0	19.0	26.0	18.0	12.0	17.0	13.0	25.0	5.0	26.0	12.0	17.0	38.0	33.0	15.0	20.0	13.0	48.0	45.0	6.0	11.0	28.0	52.0	6.0	17.0	6.0	21.0	16.0	22.0	21.0	18.0	58.0	10.0	22.0	38.0	23.0	17.0	19.0	3.0	14.0	22.0	32.0	29.0	2.0	2.0	36.0	33.0	28.0	16.0	26.0	11.0	21.0	7.0	32.0	19.0	11.0	47.0	23.0	2.0	14.0	9.0	15.0	49.0	16.0	2.0	65	M	127	105	36	20	117	Alcohol
S48_ControlLT	16.0	21.0	13.0	24.0	16.0	2.0	22.0	11.0	9.0	9.0	33.0	43.0	17.0	20.0	29.0	45.0	39.0	4.0	8.0	4.0	6.0	15.0	10.0	23.0	10.0	9.0	18.0	2.0	29.0	19.0	15.0	49.0	26.0	4.0	13.0	11.0	14.0	18.0	39.0	26.0	3.0	13.0	6.0	62.0	11.0	12.0	21.0	2.0	2.0	6.0	26.0	1.0	11.0	11.0	32.0	30.0	25.0	24.0	21.0	7.0	41.0	19.0	21.0	19.0	18.0	15.0	25.0	23.0	35.0	4.0	8.0	21.0	34.0	35.0	22.0	6.0	21.0	32.0	13.0	26.0	19.0	30.0	15.0	4.0	20.0	24.0	24.0	12.0	7.0	15.0	13.0	26.0	36.0	24.0	19.0	35.0	31.0	27.0	18.0	20.0	14.0	8.0	12.0	15.0	7.0	10.0	8.0	16.0	27.0	43.0	69.0	9.0	29.0	61.0	27.0	10.0	35.0	31.0	17.0	21.0	19.0	5.0	4.0	5.0	19.0	13.0	8.0	5.0	17.0	45.0	80.0	54.0	31.0	6.0	8.0	13.0	18.0	11.0	35.0	22.0	3.0	37.0	32.0	34.0	4.0	4.0	4.0	10.0	20.0	29.0	19.0	20.0	27.0	66.0	48.0	5.0	8.0	28.0	20.0	11.0	12.0	20.0	6.0	8.0	4.0	2.0	26.0	18.0	20.0	35.0	23.0	41.0	27.0	6.0	5.0	22.0	24.0	36.0	21.0	46.0	52.0	6.0	9.0	16.0	8.0	28.0	2.0	25.0	4.0	8.0	2.0	4.0	18.0	43.0	28.0	37.0	19.0	27.0	35.0	2.0	37.0	25.0	27.0	19.0	15.0	35.0	23.0	29.0	23.0	8.0	13.0	19.0	0.0	25.0	30.0	15.0	17.0	4.0	12.0	23.0	27.0	23.0	35.0	36.0	18.0	36.0	12.0	18.0	17.0	18.0	12.0	20.0	3.0	34.0	20.0	16.0	4.0	3.0	5.0	11.0	12.0	5.0	5.0	6.0	15.0	22.0	22.0	23.0	18.0	3.0	20.0	14.0	35.0	32.0	2.0	5.0	20.0	27.0	7.0	19.0	2.0	13.0	12.0	14.0	19.0	15.0	22.0	11.0	26.0	21.0	31.0	12.0	20.0	10.0	17.0	23.0	19.0	15.0	4.0	4.0	48.0	47.0	33.0	21.0	20.0	2.0	24.0	14.0	29.0	11.0	14.0	40.0	11.0	2.0	10.0	5.0	14.0	25.0	17.0	7.0	64	F	134	67	20	21	100	PBC
S49_ControlLT	50.0	53.0	32.0	40.0	31.0	5.0	35.0	65.0	26.0	24.0	52.0	86.0	21.0	42.0	50.0	67.0	55.0	16.0	22.0	1.0	17.0	34.0	22.0	27.0	24.0	24.0	45.0	3.0	71.0	53.0	22.0	117.0	76.0	7.0	41.0	39.0	66.0	37.0	99.0	72.0	15.0	36.0	26.0	112.0	6.0	43.0	30.0	10.0	10.0	18.0	69.0	5.0	20.0	37.0	87.0	64.0	78.0	32.0	34.0	24.0	77.0	37.0	46.0	18.0	29.0	32.0	93.0	28.0	103.0	4.0	46.0	60.0	78.0	58.0	69.0	9.0	57.0	73.0	48.0	19.0	24.0	49.0	42.0	19.0	39.0	50.0	31.0	59.0	54.0	37.0	25.0	62.0	57.0	34.0	50.0	82.0	84.0	74.0	34.0	33.0	57.0	15.0	24.0	27.0	31.0	17.0	14.0	16.0	31.0	98.0	134.0	27.0	78.0	160.0	85.0	16.0	96.0	63.0	59.0	26.0	19.0	15.0	8.0	21.0	32.0	33.0	8.0	10.0	40.0	89.0	147.0	93.0	73.0	23.0	8.0	34.0	43.0	32.0	116.0	64.0	10.0	117.0	88.0	76.0	9.0	9.0	23.0	37.0	57.0	59.0	29.0	32.0	55.0	136.0	108.0	10.0	10.0	57.0	70.0	20.0	16.0	48.0	18.0	8.0	17.0	2.0	40.0	76.0	25.0	59.0	37.0	93.0	68.0	25.0	6.0	27.0	31.0	80.0	45.0	101.0	120.0	18.0	13.0	42.0	22.0	75.0	1.0	34.0	15.0	27.0	8.0	9.0	43.0	56.0	72.0	62.0	43.0	56.0	74.0	16.0	113.0	85.0	53.0	37.0	32.0	103.0	48.0	69.0	64.0	25.0	41.0	47.0	19.0	38.0	54.0	26.0	34.0	22.0	29.0	43.0	52.0	49.0	61.0	71.0	27.0	92.0	33.0	38.0	38.0	28.0	19.0	38.0	10.0	49.0	69.0	29.0	12.0	11.0	12.0	18.0	13.0	7.0	4.0	6.0	17.0	36.0	42.0	72.0	67.0	15.0	43.0	29.0	62.0	41.0	9.0	16.0	43.0	64.0	15.0	34.0	10.0	35.0	30.0	34.0	42.0	34.0	64.0	16.0	38.0	73.0	70.0	39.0	65.0	23.0	46.0	63.0	60.0	45.0	15.0	14.0	98.0	96.0	54.0	34.0	50.0	20.0	51.0	26.0	45.0	52.0	34.0	66.0	26.0	10.0	43.0	25.0	23.0	65.0	32.0	16.0	49	F	104	89	26	19	94	HCV
S50_ControlLT	29.0	36.0	11.0	42.0	31.0	11.0	28.0	47.0	21.0	14.0	22.0	33.0	8.0	26.0	44.0	71.0	63.0	8.0	12.0	6.0	16.0	40.0	2.0	32.0	19.0	22.0	38.0	1.0	52.0	38.0	24.0	102.0	59.0	5.0	16.0	18.0	42.0	35.0	65.0	38.0	8.0	14.0	15.0	101.0	3.0	35.0	32.0	6.0	3.0	16.0	25.0	0.0	14.0	33.0	73.0	38.0	38.0	51.0	49.0	21.0	41.0	19.0	34.0	21.0	25.0	25.0	46.0	30.0	84.0	4.0	12.0	50.0	75.0	53.0	47.0	8.0	43.0	57.0	42.0	8.0	27.0	48.0	42.0	11.0	33.0	33.0	32.0	48.0	40.0	36.0	26.0	36.0	53.0	25.0	33.0	56.0	60.0	61.0	32.0	31.0	30.0	7.0	10.0	21.0	12.0	10.0	10.0	8.0	25.0	55.0	95.0	28.0	71.0	137.0	56.0	10.0	94.0	42.0	42.0	12.0	10.0	10.0	19.0	13.0	14.0	20.0	7.0	10.0	31.0	78.0	119.0	78.0	37.0	19.0	19.0	30.0	40.0	21.0	113.0	29.0	8.0	62.0	43.0	42.0	14.0	13.0	20.0	22.0	37.0	53.0	20.0	20.0	49.0	89.0	70.0	10.0	8.0	56.0	37.0	22.0	23.0	24.0	17.0	13.0	13.0	0.0	25.0	30.0	22.0	51.0	32.0	78.0	46.0	19.0	8.0	16.0	17.0	59.0	20.0	82.0	116.0	10.0	12.0	23.0	4.0	71.0	2.0	39.0	11.0	31.0	11.0	12.0	29.0	43.0	66.0	69.0	32.0	51.0	77.0	7.0	94.0	84.0	35.0	24.0	26.0	60.0	31.0	31.0	41.0	23.0	24.0	43.0	15.0	26.0	14.0	28.0	30.0	7.0	26.0	24.0	36.0	37.0	49.0	53.0	28.0	65.0	32.0	14.0	14.0	19.0	19.0	33.0	9.0	36.0	58.0	18.0	13.0	10.0	8.0	22.0	7.0	17.0	10.0	4.0	9.0	24.0	29.0	37.0	35.0	19.0	34.0	14.0	51.0	47.0	7.0	15.0	27.0	56.0	15.0	23.0	6.0	18.0	16.0	33.0	21.0	26.0	53.0	16.0	43.0	83.0	38.0	29.0	27.0	10.0	16.0	26.0	42.0	33.0	8.0	8.0	66.0	63.0	35.0	20.0	35.0	14.0	52.0	13.0	39.0	33.0	17.0	69.0	19.0	2.0	17.0	11.0	32.0	32.0	25.0	8.0	59	F	119	123	14	16	96	PBC
S51_ControlLT	12.0	15.0	4.0	10.0	19.0	2.0	12.0	16.0	10.0	4.0	13.0	17.0	1.0	6.0	7.0	14.0	12.0	1.0	2.0	2.0	4.0	10.0	7.0	5.0	5.0	5.0	3.0	0.0	15.0	11.0	3.0	24.0	11.0	1.0	5.0	6.0	13.0	10.0	19.0	10.0	2.0	2.0	2.0	28.0	3.0	4.0	6.0	4.0	2.0	2.0	10.0	1.0	6.0	5.0	15.0	8.0	10.0	20.0	20.0	4.0	9.0	8.0	8.0	4.0	7.0	10.0	17.0	5.0	18.0	3.0	9.0	11.0	9.0	12.0	5.0	0.0	10.0	20.0	8.0	11.0	7.0	15.0	16.0	5.0	6.0	7.0	4.0	11.0	9.0	9.0	4.0	15.0	13.0	9.0	13.0	19.0	17.0	15.0	13.0	13.0	8.0	2.0	4.0	12.0	5.0	2.0	2.0	2.0	13.0	17.0	23.0	6.0	18.0	25.0	12.0	4.0	23.0	15.0	13.0	19.0	6.0	4.0	6.0	13.0	8.0	2.0	1.0	5.0	7.0	20.0	32.0	20.0	18.0	7.0	1.0	5.0	7.0	3.0	14.0	3.0	2.0	25.0	14.0	14.0	3.0	4.0	6.0	2.0	4.0	14.0	9.0	10.0	16.0	25.0	18.0	2.0	3.0	17.0	8.0	9.0	12.0	10.0	4.0	7.0	3.0	0.0	11.0	19.0	6.0	14.0	20.0	16.0	14.0	5.0	2.0	2.0	6.0	13.0	7.0	31.0	38.0	4.0	4.0	7.0	6.0	20.0	0.0	12.0	1.0	14.0	6.0	6.0	5.0	24.0	21.0	12.0	9.0	16.0	18.0	6.0	24.0	18.0	6.0	6.0	3.0	11.0	8.0	12.0	15.0	5.0	9.0	10.0	2.0	8.0	8.0	7.0	10.0	4.0	10.0	8.0	17.0	18.0	17.0	17.0	8.0	12.0	9.0	3.0	3.0	7.0	4.0	6.0	7.0	6.0	10.0	2.0	6.0	9.0	6.0	20.0	13.0	4.0	3.0	6.0	13.0	15.0	15.0	10.0	10.0	2.0	9.0	12.0	20.0	13.0	2.0	3.0	14.0	15.0	2.0	6.0	4.0	3.0	5.0	11.0	13.0	8.0	11.0	5.0	13.0	13.0	17.0	12.0	14.0	4.0	6.0	6.0	14.0	13.0	2.0	2.0	17.0	16.0	13.0	7.0	12.0	6.0	9.0	4.0	11.0	8.0	8.0	31.0	6.0	4.0	5.0	2.0	13.0	21.0	6.0	3.0	61	M	119	124	15	10	178	NASH
S52_ControlLT	21.0	23.0	13.0	13.0	22.0	3.0	19.0	23.0	16.0	9.0	28.0	39.0	4.0	23.0	23.0	38.0	30.0	3.0	3.0	0.0	8.0	14.0	5.0	10.0	8.0	8.0	20.0	2.0	27.0	31.0	13.0	45.0	29.0	7.0	8.0	8.0	20.0	19.0	30.0	23.0	6.0	14.0	10.0	54.0	4.0	16.0	22.0	10.0	10.0	6.0	22.0	8.0	13.0	17.0	30.0	29.0	16.0	21.0	20.0	8.0	51.0	11.0	14.0	11.0	9.0	10.0	35.0	11.0	37.0	6.0	20.0	17.0	29.0	30.0	20.0	4.0	26.0	38.0	36.0	11.0	17.0	26.0	24.0	4.0	15.0	22.0	20.0	29.0	25.0	15.0	7.0	18.0	35.0	19.0	17.0	20.0	37.0	42.0	15.0	15.0	14.0	6.0	10.0	13.0	9.0	3.0	3.0	7.0	19.0	52.0	42.0	14.0	44.0	60.0	18.0	7.0	48.0	30.0	32.0	18.0	3.0	5.0	4.0	8.0	8.0	14.0	3.0	7.0	12.0	43.0	57.0	39.0	27.0	6.0	9.0	8.0	19.0	18.0	51.0	19.0	4.0	42.0	29.0	26.0	7.0	8.0	2.0	11.0	14.0	22.0	14.0	18.0	25.0	59.0	42.0	4.0	9.0	19.0	32.0	14.0	8.0	18.0	10.0	11.0	5.0	3.0	22.0	31.0	12.0	19.0	27.0	20.0	33.0	10.0	2.0	10.0	14.0	28.0	17.0	52.0	63.0	4.0	8.0	17.0	4.0	33.0	0.0	10.0	11.0	14.0	4.0	5.0	14.0	30.0	44.0	30.0	10.0	21.0	33.0	2.0	37.0	24.0	17.0	22.0	19.0	37.0	18.0	27.0	35.0	7.0	24.0	27.0	6.0	17.0	25.0	24.0	13.0	4.0	17.0	15.0	21.0	20.0	22.0	37.0	15.0	37.0	12.0	8.0	8.0	11.0	14.0	23.0	5.0	30.0	21.0	6.0	7.0	4.0	5.0	5.0	17.0	4.0	7.0	6.0	11.0	22.0	11.0	46.0	41.0	6.0	13.0	19.0	31.0	19.0	9.0	13.0	18.0	34.0	2.0	7.0	7.0	16.0	14.0	28.0	21.0	13.0	42.0	5.0	19.0	22.0	28.0	8.0	34.0	10.0	9.0	14.0	15.0	20.0	4.0	3.0	46.0	42.0	19.0	12.0	10.0	9.0	15.0	18.0	29.0	19.0	12.0	49.0	12.0	2.0	16.0	10.0	23.0	40.0	10.0	8.0	51	F	126	75	17	18	94	NASH
S53_ControlLT	12.0	16.0	10.0	14.0	11.0	4.0	22.0	11.0	11.0	11.0	28.0	39.0	8.0	15.0	16.0	33.0	24.0	7.0	8.0	3.0	6.0	18.0	9.0	13.0	12.0	12.0	20.0	5.0	31.0	16.0	7.0	48.0	14.0	4.0	12.0	12.0	17.0	19.0	32.0	20.0	6.0	14.0	6.0	46.0	7.0	18.0	8.0	3.0	3.0	13.0	16.0	3.0	5.0	8.0	17.0	20.0	26.0	24.0	23.0	5.0	30.0	8.0	16.0	14.0	6.0	6.0	36.0	20.0	26.0	4.0	10.0	19.0	38.0	11.0	25.0	2.0	25.0	32.0	17.0	6.0	10.0	16.0	21.0	7.0	8.0	14.0	16.0	18.0	9.0	16.0	8.0	20.0	22.0	22.0	21.0	14.0	21.0	19.0	11.0	12.0	12.0	3.0	3.0	12.0	9.0	2.0	2.0	4.0	14.0	23.0	33.0	6.0	36.0	46.0	32.0	5.0	36.0	23.0	11.0	7.0	19.0	15.0	11.0	7.0	19.0	13.0	6.0	3.0	18.0	30.0	58.0	28.0	24.0	6.0	5.0	12.0	10.0	3.0	37.0	16.0	5.0	27.0	22.0	36.0	6.0	6.0	8.0	10.0	18.0	17.0	13.0	14.0	18.0	46.0	37.0	2.0	4.0	19.0	24.0	12.0	11.0	15.0	16.0	14.0	5.0	0.0	16.0	27.0	10.0	22.0	18.0	29.0	21.0	17.0	0.0	15.0	18.0	37.0	9.0	42.0	48.0	5.0	7.0	13.0	4.0	28.0	1.0	8.0	5.0	6.0	11.0	9.0	6.0	39.0	35.0	28.0	10.0	22.0	29.0	6.0	38.0	29.0	17.0	22.0	18.0	27.0	16.0	29.0	32.0	14.0	19.0	22.0	2.0	18.0	18.0	17.0	16.0	2.0	12.0	9.0	18.0	18.0	20.0	30.0	12.0	46.0	15.0	2.0	4.0	12.0	13.0	22.0	3.0	14.0	25.0	7.0	19.0	8.0	17.0	9.0	8.0	6.0	8.0	4.0	16.0	17.0	24.0	16.0	16.0	5.0	20.0	7.0	23.0	22.0	6.0	7.0	19.0	30.0	1.0	14.0	6.0	16.0	11.0	20.0	9.0	8.0	20.0	7.0	16.0	31.0	20.0	14.0	11.0	18.0	6.0	8.0	27.0	15.0	2.0	2.0	36.0	35.0	25.0	16.0	13.0	7.0	32.0	16.0	18.0	15.0	17.0	30.0	14.0	3.0	12.0	9.0	14.0	22.0	15.0	7.0	59	M	138	62	14	16	88	Alcohol
S54_ControlLT	42.0	46.0	39.0	60.0	26.0	10.0	48.0	45.0	21.0	18.0	42.0	61.0	7.0	29.0	49.0	50.0	44.0	7.0	14.0	1.0	14.0	31.0	10.0	29.0	24.0	24.0	48.0	4.0	90.0	48.0	17.0	108.0	74.0	3.0	23.0	23.0	45.0	36.0	87.0	49.0	8.0	19.0	12.0	97.0	5.0	24.0	38.0	16.0	14.0	17.0	48.0	4.0	16.0	16.0	77.0	70.0	59.0	43.0	42.0	13.0	79.0	17.0	30.0	19.0	30.0	20.0	69.0	22.0	108.0	1.0	27.0	60.0	79.0	42.0	41.0	8.0	49.0	77.0	50.0	17.0	29.0	47.0	41.0	28.0	41.0	45.0	38.0	63.0	54.0	29.0	19.0	56.0	58.0	43.0	39.0	64.0	63.0	56.0	37.0	36.0	35.0	13.0	26.0	19.0	28.0	34.0	24.0	17.0	32.0	70.0	127.0	21.0	74.0	101.0	72.0	12.0	113.0	76.0	61.0	10.0	12.0	5.0	1.0	3.0	5.0	10.0	3.0	6.0	23.0	95.0	146.0	78.0	43.0	22.0	9.0	37.0	39.0	31.0	85.0	42.0	4.0	97.0	77.0	56.0	10.0	10.0	16.0	15.0	48.0	46.0	29.0	30.0	64.0	133.0	102.0	11.0	12.0	57.0	46.0	15.0	14.0	28.0	16.0	9.0	17.0	2.0	36.0	58.0	33.0	72.0	51.0	70.0	67.0	23.0	6.0	20.0	20.0	69.0	23.0	114.0	136.0	12.0	18.0	20.0	8.0	59.0	2.0	48.0	26.0	34.0	10.0	10.0	30.0	83.0	76.0	67.0	34.0	49.0	71.0	6.0	120.0	90.0	40.0	51.0	40.0	85.0	35.0	46.0	51.0	28.0	48.0	37.0	15.0	53.0	34.0	32.0	34.0	14.0	24.0	18.0	36.0	42.0	52.0	71.0	34.0	96.0	32.0	21.0	21.0	30.0	41.0	58.0	9.0	50.0	58.0	17.0	13.0	10.0	10.0	11.0	14.0	10.0	12.0	6.0	16.0	37.0	26.0	52.0	45.0	13.0	58.0	34.0	73.0	75.0	2.0	18.0	28.0	47.0	22.0	31.0	2.0	17.0	15.0	30.0	25.0	26.0	53.0	14.0	37.0	70.0	56.0	47.0	33.0	10.0	23.0	32.0	23.0	37.0	6.0	6.0	103.0	91.0	42.0	26.0	18.0	26.0	32.0	30.0	64.0	36.0	22.0	87.0	15.0	4.0	21.0	12.0	32.0	65.0	35.0	10.0	67	M	136	81	15	17	117	NASH
S55_ControlLT	20.0	37.0	27.0	25.0	36.0	3.0	32.0	43.0	24.0	16.0	39.0	56.0	19.0	18.0	46.0	63.0	51.0	13.0	17.0	0.0	23.0	22.0	15.0	23.0	17.0	18.0	26.0	6.0	52.0	45.0	12.0	87.0	39.0	9.0	17.0	16.0	34.0	27.0	70.0	24.0	10.0	10.0	8.0	64.0	5.0	26.0	32.0	11.0	7.0	10.0	42.0	2.0	18.0	18.0	61.0	44.0	39.0	26.0	25.0	13.0	55.0	27.0	37.0	26.0	19.0	16.0	39.0	21.0	70.0	12.0	18.0	43.0	63.0	23.0	35.0	4.0	38.0	51.0	44.0	16.0	23.0	33.0	31.0	15.0	19.0	50.0	27.0	48.0	32.0	37.0	21.0	42.0	69.0	35.0	44.0	43.0	74.0	64.0	28.0	30.0	28.0	11.0	18.0	24.0	13.0	2.0	2.0	15.0	27.0	74.0	100.0	19.0	54.0	118.0	46.0	10.0	73.0	44.0	40.0	31.0	14.0	5.0	18.0	12.0	15.0	6.0	17.0	21.0	21.0	80.0	100.0	73.0	58.0	24.0	10.0	23.0	23.0	17.0	90.0	23.0	10.0	56.0	51.0	43.0	9.0	10.0	10.0	18.0	31.0	39.0	25.0	24.0	49.0	93.0	70.0	14.0	11.0	40.0	48.0	30.0	24.0	18.0	24.0	11.0	10.0	5.0	27.0	41.0	25.0	55.0	30.0	84.0	57.0	14.0	9.0	20.0	22.0	53.0	28.0	83.0	104.0	14.0	6.0	15.0	16.0	71.0	1.0	29.0	26.0	19.0	11.0	14.0	30.0	54.0	63.0	68.0	31.0	48.0	49.0	5.0	68.0	47.0	25.0	34.0	30.0	71.0	42.0	57.0	39.0	19.0	32.0	33.0	18.0	36.0	49.0	20.0	26.0	15.0	19.0	29.0	35.0	32.0	25.0	48.0	20.0	61.0	28.0	22.0	22.0	24.0	25.0	44.0	6.0	31.0	41.0	12.0	17.0	15.0	13.0	25.0	20.0	11.0	6.0	3.0	22.0	48.0	29.0	41.0	35.0	13.0	34.0	22.0	71.0	59.0	6.0	10.0	36.0	41.0	12.0	27.0	9.0	13.0	13.0	30.0	26.0	26.0	49.0	13.0	41.0	58.0	51.0	20.0	38.0	10.0	27.0	36.0	42.0	36.0	12.0	12.0	81.0	67.0	38.0	24.0	28.0	11.0	40.0	25.0	41.0	25.0	21.0	70.0	23.0	3.0	19.0	12.0	25.0	57.0	47.0	15.0	60	F	121	95	13	13	149	NASH
S16_NASHLT	79.0	37.0	33.0	29.0	32.0	1.0	25.0	56.0	12.0	17.0	25.0	41.0	25.0	32.0	25.0	39.0	25.0	11.0	12.0	9.0	6.0	27.0	3.0	28.0	19.0	16.0	28.0	4.0	43.0	51.0	26.0	80.0	56.0	16.0	20.0	15.0	38.0	28.0	55.0	28.0	9.0	12.0	7.0	89.0	20.0	7.0	24.0	3.0	2.0	12.0	35.0	11.0	20.0	18.0	49.0	37.0	30.0	22.0	18.0	25.0	36.0	13.0	27.0	8.0	15.0	21.0	47.0	16.0	43.0	0.0	21.0	52.0	54.0	32.0	14.0	10.0	58.0	41.0	31.0	17.0	19.0	30.0	16.0	9.0	33.0	40.0	23.0	32.0	32.0	35.0	23.0	33.0	57.0	18.0	49.0	52.0	37.0	45.0	30.0	28.0	17.0	8.0	17.0	13.0	11.0	3.0	2.0	9.0	41.0	55.0	83.0	6.0	49.0	89.0	47.0	12.0	67.0	50.0	48.0	40.0	29.0	24.0	25.0	26.0	51.0	27.0	30.0	18.0	42.0	49.0	72.0	39.0	37.0	19.0	22.0	18.0	35.0	26.0	88.0	23.0	5.0	64.0	47.0	37.0	6.0	6.0	13.0	7.0	12.0	32.0	14.0	17.0	19.0	88.0	58.0	11.0	8.0	47.0	44.0	15.0	20.0	9.0	27.0	23.0	8.0	1.0	34.0	38.0	30.0	46.0	24.0	58.0	33.0	19.0	14.0	14.0	15.0	53.0	20.0	91.0	99.0	2.0	11.0	17.0	3.0	48.0	4.0	32.0	15.0	19.0	6.0	7.0	19.0	46.0	59.0	42.0	16.0	56.0	50.0	11.0	42.0	32.0	24.0	24.0	21.0	39.0	29.0	45.0	44.0	2.0	35.0	35.0	5.0	40.0	37.0	15.0	20.0	4.0	19.0	28.0	20.0	26.0	44.0	52.0	32.0	70.0	30.0	12.0	12.0	15.0	14.0	24.0	8.0	33.0	46.0	19.0	49.0	44.0	50.0	63.0	40.0	44.0	32.0	26.0	59.0	23.0	14.0	31.0	33.0	8.0	17.0	9.0	45.0	15.0	10.0	23.0	38.0	38.0	3.0	16.0	24.0	22.0	24.0	23.0	27.0	39.0	34.0	18.0	39.0	51.0	28.0	15.0	9.0	18.0	21.0	24.0	26.0	47.0	5.0	5.0	65.0	57.0	34.0	24.0	24.0	18.0	36.0	16.0	33.0	27.0	18.0	62.0	26.0	0.0	10.0	6.0	15.0	58.0	23.0	0.0	39	M	146	82	56	42	71	NASH
S17_NASHLT	72.0	47.0	30.0	33.0	30.0	16.0	37.0	40.0	13.0	8.0	47.0	53.0	16.0	38.0	34.0	53.0	41.0	8.0	14.0	9.0	11.0	27.0	15.0	33.0	14.0	12.0	34.0	6.0	61.0	68.0	26.0	115.0	56.0	5.0	16.0	19.0	36.0	40.0	57.0	36.0	9.0	13.0	15.0	104.0	24.0	32.0	38.0	5.0	5.0	15.0	40.0	13.0	29.0	17.0	78.0	53.0	37.0	34.0	32.0	29.0	40.0	24.0	43.0	11.0	29.0	32.0	77.0	30.0	94.0	5.0	42.0	32.0	52.0	24.0	43.0	9.0	73.0	56.0	35.0	24.0	25.0	42.0	27.0	16.0	31.0	36.0	22.0	50.0	36.0	39.0	32.0	41.0	46.0	21.0	66.0	84.0	50.0	56.0	25.0	23.0	25.0	25.0	26.0	26.0	16.0	11.0	5.0	20.0	45.0	78.0	81.0	38.0	43.0	142.0	47.0	7.0	89.0	44.0	43.0	31.0	25.0	14.0	15.0	22.0	27.0	18.0	17.0	22.0	40.0	51.0	76.0	41.0	55.0	15.0	21.0	38.0	30.0	24.0	117.0	32.0	15.0	68.0	44.0	42.0	6.0	8.0	14.0	4.0	8.0	49.0	13.0	14.0	46.0	112.0	81.0	10.0	19.0	41.0	36.0	21.0	21.0	15.0	35.0	24.0	4.0	1.0	27.0	54.0	28.0	44.0	39.0	65.0	56.0	24.0	7.0	7.0	12.0	36.0	33.0	102.0	118.0	6.0	16.0	32.0	15.0	68.0	7.0	32.0	17.0	27.0	2.0	7.0	30.0	56.0	66.0	51.0	18.0	47.0	58.0	5.0	57.0	48.0	44.0	30.0	19.0	50.0	20.0	58.0	76.0	12.0	43.0	30.0	6.0	45.0	51.0	20.0	28.0	5.0	19.0	31.0	21.0	33.0	45.0	69.0	42.0	77.0	25.0	15.0	13.0	34.0	22.0	36.0	18.0	39.0	40.0	23.0	43.0	44.0	50.0	37.0	27.0	21.0	35.0	18.0	51.0	47.0	41.0	56.0	53.0	17.0	42.0	13.0	81.0	40.0	9.0	28.0	41.0	32.0	13.0	24.0	22.0	43.0	38.0	29.0	33.0	31.0	58.0	15.0	67.0	48.0	43.0	30.0	40.0	19.0	19.0	28.0	22.0	50.0	2.0	2.0	58.0	58.0	40.0	25.0	43.0	15.0	50.0	33.0	66.0	38.0	31.0	90.0	33.0	7.0	19.0	9.0	36.0	71.0	36.0	1.0	65	F	122	108	45	28	105	NASH/HPS
S18_NASHLT	79.0	74.0	35.0	62.0	56.0	12.0	39.0	74.0	23.0	36.0	53.0	77.0	22.0	48.0	40.0	79.0	63.0	21.0	23.0	11.0	16.0	58.0	27.0	47.0	61.0	55.0	53.0	11.0	92.0	93.0	65.0	136.0	64.0	30.0	49.0	49.0	62.0	71.0	120.0	62.0	20.0	21.0	27.0	183.0	15.0	53.0	58.0	5.0	3.0	26.0	69.0	22.0	54.0	44.0	108.0	68.0	75.0	61.0	55.0	30.0	91.0	48.0	37.0	25.0	42.0	40.0	88.0	69.0	126.0	8.0	56.0	73.0	84.0	38.0	53.0	5.0	79.0	67.0	68.0	35.0	29.0	54.0	38.0	20.0	53.0	83.0	45.0	64.0	65.0	53.0	63.0	76.0	85.0	43.0	78.0	105.0	97.0	94.0	59.0	49.0	37.0	44.0	31.0	50.0	33.0	16.0	10.0	30.0	57.0	122.0	127.0	44.0	93.0	203.0	68.0	18.0	148.0	65.0	62.0	54.0	43.0	29.0	19.0	53.0	70.0	52.0	25.0	35.0	61.0	116.0	149.0	79.0	86.0	31.0	43.0	52.0	66.0	51.0	144.0	56.0	17.0	86.0	49.0	58.0	26.0	27.0	17.0	27.0	52.0	81.0	20.0	25.0	58.0	150.0	95.0	14.0	19.0	74.0	68.0	42.0	38.0	24.0	46.0	48.0	20.0	6.0	64.0	65.0	63.0	63.0	55.0	91.0	68.0	33.0	18.0	31.0	38.0	89.0	37.0	179.0	214.0	6.0	24.0	64.0	16.0	104.0	13.0	65.0	33.0	59.0	11.0	20.0	32.0	54.0	114.0	69.0	51.0	70.0	79.0	17.0	115.0	85.0	50.0	70.0	67.0	65.0	33.0	83.0	97.0	45.0	62.0	60.0	13.0	73.0	45.0	36.0	46.0	17.0	42.0	42.0	47.0	51.0	84.0	79.0	41.0	110.0	64.0	24.0	20.0	63.0	21.0	42.0	25.0	75.0	85.0	39.0	77.0	74.0	89.0	50.0	61.0	51.0	72.0	26.0	69.0	31.0	63.0	76.0	69.0	30.0	38.0	28.0	95.0	75.0	35.0	36.0	82.0	65.0	34.0	47.0	28.0	42.0	43.0	54.0	42.0	38.0	94.0	22.0	93.0	92.0	80.0	59.0	51.0	38.0	41.0	51.0	59.0	51.0	11.0	16.0	104.0	87.0	52.0	37.0	46.0	42.0	70.0	49.0	77.0	76.0	39.0	117.0	43.0	14.0	33.0	19.0	77.0	121.0	60.0	20.0	46	M	146	81	61	28	115	NASH
S38_NASHLT	26.0	42.0	16.0	26.0	32.0	7.0	31.0	42.0	11.0	17.0	25.0	40.0	7.0	33.0	28.0	51.0	47.0	2.0	2.0	8.0	5.0	44.0	18.0	27.0	21.0	23.0	28.0	2.0	55.0	36.0	21.0	86.0	30.0	13.0	14.0	12.0	32.0	28.0	42.0	29.0	11.0	4.0	3.0	99.0	23.0	15.0	30.0	5.0	5.0	15.0	20.0	6.0	23.0	7.0	50.0	33.0	30.0	46.0	44.0	6.0	42.0	20.0	19.0	8.0	19.0	24.0	50.0	22.0	67.0	8.0	15.0	25.0	33.0	55.0	28.0	4.0	37.0	42.0	30.0	27.0	23.0	41.0	26.0	21.0	18.0	30.0	25.0	28.0	22.0	24.0	21.0	44.0	67.0	37.0	36.0	53.0	49.0	43.0	25.0	21.0	29.0	10.0	20.0	27.0	13.0	12.0	10.0	41.0	52.0	82.0	76.0	10.0	42.0	75.0	64.0	4.0	83.0	44.0	28.0	16.0	15.0	10.0	6.0	15.0	30.0	17.0	15.0	14.0	35.0	48.0	76.0	39.0	29.0	9.0	20.0	21.0	31.0	19.0	73.0	17.0	12.0	43.0	25.0	46.0	7.0	7.0	4.0	32.0	41.0	43.0	17.0	20.0	45.0	92.0	72.0	5.0	11.0	42.0	29.0	4.0	5.0	12.0	27.0	12.0	6.0	10.0	25.0	36.0	37.0	32.0	28.0	49.0	61.0	15.0	9.0	17.0	18.0	46.0	25.0	88.0	118.0	10.0	15.0	22.0	21.0	42.0	2.0	21.0	6.0	19.0	0.0	0.0	9.0	32.0	64.0	51.0	15.0	45.0	57.0	0.0	73.0	48.0	30.0	32.0	24.0	52.0	30.0	43.0	32.0	20.0	28.0	33.0	9.0	28.0	24.0	14.0	25.0	5.0	10.0	23.0	11.0	20.0	41.0	44.0	35.0	49.0	36.0	5.0	6.0	24.0	13.0	26.0	10.0	43.0	39.0	18.0	18.0	12.0	18.0	27.0	13.0	11.0	17.0	10.0	22.0	32.0	25.0	40.0	36.0	14.0	33.0	24.0	62.0	65.0	7.0	18.0	23.0	20.0	3.0	40.0	27.0	24.0	21.0	7.0	21.0	22.0	41.0	14.0	31.0	29.0	33.0	26.0	39.0	5.0	9.0	13.0	31.0	20.0	6.0	5.0	57.0	56.0	24.0	11.0	15.0	13.0	47.0	27.0	55.0	39.0	7.0	68.0	15.0	3.0	20.0	10.0	30.0	35.0	23.0	9.0	49	F	90	185	60	71	209	NASH
S39_NASHLT	46.0	17.0	11.0	22.0	7.0	5.0	23.0	28.0	12.0	15.0	17.0	25.0	13.0	18.0	26.0	32.0	27.0	5.0	5.0	4.0	4.0	25.0	5.0	19.0	14.0	14.0	8.0	2.0	39.0	38.0	28.0	57.0	39.0	8.0	13.0	10.0	22.0	20.0	48.0	21.0	8.0	0.0	0.0	70.0	6.0	14.0	30.0	6.0	9.0	11.0	29.0	4.0	14.0	14.0	39.0	32.0	25.0	24.0	23.0	11.0	35.0	18.0	12.0	11.0	8.0	9.0	32.0	14.0	58.0	2.0	12.0	30.0	45.0	51.0	25.0	8.0	33.0	25.0	17.0	14.0	14.0	29.0	6.0	11.0	23.0	29.0	11.0	28.0	26.0	16.0	17.0	42.0	56.0	15.0	33.0	53.0	58.0	54.0	14.0	10.0	24.0	11.0	11.0	21.0	6.0	9.0	7.0	19.0	32.0	57.0	87.0	6.0	38.0	72.0	42.0	7.0	64.0	37.0	41.0	19.0	20.0	13.0	17.0	13.0	28.0	8.0	13.0	14.0	34.0	44.0	71.0	50.0	31.0	8.0	8.0	18.0	25.0	20.0	72.0	19.0	9.0	46.0	33.0	35.0	6.0	8.0	2.0	6.0	13.0	44.0	21.0	19.0	18.0	69.0	48.0	5.0	7.0	32.0	21.0	12.0	11.0	14.0	13.0	13.0	3.0	3.0	15.0	39.0	18.0	14.0	24.0	43.0	35.0	17.0	1.0	9.0	9.0	41.0	15.0	68.0	98.0	2.0	7.0	12.0	12.0	44.0	3.0	21.0	2.0	12.0	4.0	5.0	20.0	34.0	39.0	50.0	23.0	37.0	46.0	0.0	54.0	43.0	25.0	31.0	22.0	30.0	12.0	29.0	37.0	5.0	29.0	19.0	8.0	26.0	19.0	12.0	17.0	2.0	9.0	20.0	28.0	28.0	31.0	64.0	30.0	47.0	18.0	3.0	3.0	30.0	11.0	16.0	3.0	23.0	37.0	7.0	28.0	21.0	22.0	43.0	23.0	24.0	29.0	11.0	38.0	24.0	11.0	38.0	34.0	8.0	33.0	9.0	33.0	43.0	6.0	12.0	30.0	21.0	3.0	9.0	14.0	22.0	23.0	12.0	31.0	25.0	39.0	15.0	35.0	25.0	18.0	10.0	23.0	3.0	12.0	13.0	23.0	32.0	4.0	4.0	62.0	61.0	9.0	6.0	11.0	2.0	40.0	19.0	32.0	21.0	12.0	69.0	17.0	3.0	6.0	2.0	15.0	36.0	9.0	9.0	49	M	112	79	137	50	124	NASH
S40_NASHLT	54.0	61.0	37.0	40.0	27.0	6.0	24.0	41.0	11.0	13.0	36.0	54.0	17.0	47.0	53.0	88.0	75.0	6.0	7.0	7.0	9.0	41.0	5.0	32.0	23.0	24.0	33.0	7.0	53.0	50.0	21.0	172.0	52.0	17.0	30.0	29.0	42.0	45.0	54.0	42.0	19.0	13.0	6.0	161.0	34.0	13.0	36.0	8.0	9.0	17.0	41.0	5.0	31.0	20.0	46.0	45.0	57.0	40.0	39.0	12.0	69.0	23.0	23.0	19.0	35.0	42.0	89.0	83.0	68.0	8.0	10.0	37.0	55.0	18.0	58.0	4.0	57.0	41.0	36.0	20.0	22.0	38.0	32.0	20.0	28.0	51.0	30.0	64.0	61.0	30.0	17.0	54.0	62.0	19.0	68.0	68.0	61.0	61.0	14.0	13.0	26.0	36.0	38.0	36.0	20.0	12.0	8.0	22.0	54.0	79.0	93.0	20.0	40.0	138.0	63.0	9.0	86.0	50.0	28.0	23.0	11.0	12.0	5.0	30.0	18.0	20.0	14.0	6.0	54.0	72.0	94.0	84.0	80.0	25.0	11.0	23.0	27.0	21.0	104.0	21.0	9.0	47.0	34.0	38.0	4.0	2.0	12.0	10.0	33.0	55.0	22.0	21.0	52.0	132.0	107.0	8.0	28.0	57.0	50.0	11.0	17.0	30.0	49.0	15.0	12.0	7.0	38.0	37.0	52.0	37.0	47.0	81.0	83.0	31.0	4.0	19.0	18.0	103.0	38.0	105.0	128.0	9.0	18.0	48.0	20.0	74.0	1.0	54.0	13.0	30.0	8.0	8.0	20.0	67.0	108.0	83.0	42.0	65.0	84.0	11.0	79.0	56.0	52.0	26.0	25.0	62.0	31.0	44.0	56.0	38.0	38.0	36.0	13.0	30.0	45.0	18.0	30.0	11.0	21.0	33.0	36.0	46.0	36.0	81.0	61.0	68.0	40.0	20.0	17.0	36.0	29.0	43.0	13.0	34.0	49.0	20.0	8.0	16.0	9.0	17.0	10.0	11.0	20.0	8.0	10.0	34.0	41.0	52.0	50.0	30.0	37.0	11.0	89.0	104.0	13.0	40.0	49.0	56.0	24.0	44.0	10.0	68.0	68.0	28.0	41.0	28.0	68.0	18.0	43.0	58.0	40.0	25.0	30.0	14.0	22.0	40.0	69.0	52.0	6.0	6.0	85.0	76.0	38.0	28.0	35.0	23.0	63.0	29.0	54.0	41.0	10.0	97.0	26.0	16.0	26.0	14.0	44.0	62.0	24.0	10.0	58	M	137	138	167	151	89	NASH
S41_NASHLT	4.0	4.0	0.0	2.0	2.0	0.0	3.0	5.0	2.0	1.0	6.0	7.0	0.0	2.0	3.0	2.0	2.0	0.0	0.0	0.0	0.0	1.0	0.0	1.0	0.0	0.0	3.0	0.0	7.0	6.0	0.0	8.0	4.0	0.0	2.0	2.0	5.0	2.0	1.0	4.0	0.0	0.0	0.0	10.0	10.0	0.0	2.0	0.0	0.0	0.0	2.0	0.0	1.0	1.0	4.0	6.0	2.0	2.0	2.0	1.0	4.0	0.0	0.0	0.0	1.0	1.0	4.0	1.0	8.0	0.0	4.0	8.0	10.0	1.0	2.0	0.0	3.0	2.0	2.0	2.0	1.0	3.0	0.0	0.0	4.0	1.0	0.0	3.0	2.0	3.0	4.0	3.0	2.0	2.0	2.0	6.0	4.0	4.0	1.0	4.0	0.0	0.0	2.0	6.0	1.0	0.0	0.0	5.0	8.0	11.0	10.0	0.0	5.0	8.0	4.0	0.0	7.0	1.0	6.0	9.0	3.0	2.0	4.0	9.0	7.0	4.0	3.0	5.0	6.0	4.0	5.0	6.0	4.0	0.0	3.0	1.0	1.0	1.0	7.0	4.0	0.0	5.0	2.0	2.0	0.0	0.0	0.0	0.0	0.0	4.0	4.0	2.0	4.0	6.0	2.0	0.0	0.0	4.0	4.0	0.0	0.0	0.0	4.0	2.0	0.0	0.0	3.0	3.0	2.0	6.0	2.0	6.0	4.0	3.0	0.0	2.0	2.0	4.0	0.0	12.0	16.0	0.0	0.0	1.0	0.0	11.0	0.0	2.0	1.0	0.0	0.0	0.0	1.0	4.0	4.0	3.0	1.0	2.0	5.0	0.0	6.0	5.0	3.0	4.0	1.0	2.0	2.0	2.0	4.0	0.0	2.0	4.0	0.0	1.0	2.0	3.0	3.0	0.0	0.0	0.0	2.0	2.0	5.0	6.0	2.0	4.0	1.0	0.0	0.0	5.0	1.0	3.0	0.0	4.0	3.0	0.0	16.0	12.0	27.0	22.0	17.0	5.0	15.0	10.0	19.0	2.0	3.0	2.0	1.0	0.0	1.0	0.0	3.0	1.0	0.0	1.0	2.0	3.0	0.0	3.0	10.0	2.0	2.0	5.0	1.0	4.0	4.0	0.0	6.0	6.0	4.0	3.0	2.0	2.0	2.0	2.0	2.0	4.0	0.0	0.0	2.0	2.0	1.0	1.0	1.0	1.0	3.0	0.0	2.0	2.0	1.0	9.0	2.0	0.0	2.0	0.0	2.0	1.0	2.0	0.0	39	M	146	82	56	42	71	NASH
S42_NASHLT	29.0	29.0	6.0	24.0	11.0	1.0	19.0	21.0	12.0	12.0	16.0	21.0	5.0	6.0	25.0	35.0	32.0	1.0	2.0	0.0	2.0	9.0	5.0	15.0	17.0	17.0	19.0	0.0	40.0	31.0	13.0	56.0	23.0	3.0	13.0	11.0	26.0	19.0	23.0	29.0	9.0	1.0	0.0	45.0	22.0	14.0	17.0	0.0	0.0	10.0	14.0	2.0	9.0	17.0	44.0	26.0	23.0	34.0	34.0	9.0	58.0	10.0	18.0	6.0	8.0	10.0	31.0	10.0	52.0	1.0	11.0	45.0	71.0	15.0	22.0	7.0	18.0	36.0	33.0	3.0	19.0	27.0	17.0	2.0	15.0	26.0	13.0	21.0	20.0	17.0	8.0	29.0	21.0	12.0	23.0	26.0	37.0	34.0	4.0	2.0	14.0	0.0	6.0	10.0	6.0	2.0	1.0	9.0	13.0	35.0	76.0	11.0	28.0	68.0	32.0	4.0	58.0	22.0	29.0	20.0	18.0	9.0	7.0	9.0	21.0	7.0	9.0	5.0	23.0	43.0	79.0	56.0	32.0	16.0	10.0	16.0	16.0	7.0	47.0	21.0	1.0	44.0	35.0	26.0	1.0	1.0	0.0	8.0	27.0	27.0	7.0	5.0	25.0	60.0	43.0	6.0	10.0	35.0	28.0	12.0	12.0	4.0	6.0	8.0	1.0	0.0	13.0	24.0	24.0	20.0	15.0	45.0	26.0	6.0	2.0	4.0	4.0	27.0	15.0	54.0	62.0	2.0	12.0	12.0	4.0	29.0	0.0	26.0	12.0	15.0	8.0	8.0	15.0	29.0	40.0	40.0	28.0	39.0	50.0	2.0	62.0	52.0	20.0	32.0	22.0	29.0	15.0	23.0	26.0	14.0	11.0	30.0	2.0	20.0	21.0	11.0	25.0	6.0	18.0	13.0	24.0	21.0	36.0	35.0	24.0	46.0	20.0	6.0	6.0	11.0	12.0	18.0	4.0	26.0	34.0	7.0	18.0	18.0	24.0	18.0	27.0	5.0	20.0	2.0	25.0	18.0	12.0	6.0	3.0	5.0	13.0	1.0	22.0	6.0	3.0	7.0	18.0	15.0	7.0	19.0	15.0	10.0	11.0	13.0	11.0	20.0	41.0	6.0	24.0	33.0	17.0	16.0	15.0	2.0	7.0	11.0	25.0	33.0	0.0	0.0	45.0	44.0	19.0	10.0	12.0	4.0	23.0	8.0	23.0	16.0	8.0	52.0	11.0	2.0	5.0	2.0	26.0	43.0	18.0	14.0	66	M	116	297	22	25	126	NASH
S43_NASHLT	33.0	19.0	14.0	14.0	13.0	1.0	19.0	28.0	15.0	9.0	18.0	17.0	5.0	22.0	14.0	31.0	23.0	3.0	4.0	10.0	3.0	18.0	2.0	14.0	8.0	5.0	10.0	7.0	31.0	23.0	12.0	41.0	20.0	12.0	22.0	18.0	20.0	22.0	33.0	21.0	10.0	2.0	0.0	52.0	13.0	9.0	12.0	2.0	2.0	4.0	31.0	7.0	11.0	18.0	22.0	7.0	27.0	17.0	13.0	12.0	31.0	11.0	9.0	2.0	6.0	9.0	34.0	12.0	24.0	4.0	4.0	21.0	26.0	25.0	16.0	2.0	27.0	39.0	12.0	9.0	12.0	19.0	11.0	3.0	17.0	21.0	8.0	19.0	21.0	19.0	24.0	21.0	21.0	17.0	24.0	21.0	32.0	39.0	12.0	17.0	21.0	13.0	11.0	21.0	7.0	10.0	5.0	10.0	29.0	24.0	49.0	9.0	21.0	57.0	30.0	3.0	51.0	21.0	17.0	27.0	19.0	15.0	12.0	24.0	23.0	19.0	12.0	23.0	29.0	26.0	44.0	40.0	24.0	4.0	21.0	6.0	14.0	13.0	52.0	11.0	13.0	30.0	21.0	21.0	7.0	7.0	5.0	6.0	11.0	26.0	8.0	7.0	31.0	42.0	33.0	7.0	11.0	21.0	17.0	27.0	25.0	11.0	14.0	13.0	7.0	2.0	14.0	26.0	16.0	15.0	23.0	27.0	18.0	14.0	0.0	2.0	4.0	24.0	13.0	56.0	73.0	1.0	12.0	27.0	9.0	30.0	4.0	9.0	10.0	17.0	2.0	5.0	13.0	43.0	25.0	28.0	6.0	30.0	33.0	1.0	47.0	28.0	18.0	15.0	16.0	17.0	11.0	30.0	29.0	17.0	20.0	17.0	5.0	14.0	19.0	14.0	12.0	3.0	16.0	25.0	10.0	14.0	28.0	40.0	17.0	26.0	12.0	6.0	8.0	17.0	6.0	16.0	6.0	13.0	24.0	8.0	24.0	24.0	22.0	33.0	20.0	26.0	34.0	11.0	22.0	14.0	16.0	25.0	21.0	14.0	16.0	6.0	33.0	23.0	6.0	14.0	18.0	16.0	10.0	13.0	24.0	17.0	17.0	9.0	23.0	14.0	36.0	6.0	27.0	39.0	22.0	11.0	10.0	6.0	11.0	13.0	14.0	19.0	4.0	4.0	28.0	25.0	13.0	9.0	20.0	10.0	18.0	12.0	19.0	22.0	9.0	56.0	5.0	4.0	10.0	5.0	18.0	31.0	23.0	9.0	54	M	106	257	157	76	145	HBV
S44_NASHLT	14.0	15.0	2.0	8.0	12.0	0.0	5.0	7.0	4.0	2.0	6.0	12.0	3.0	4.0	2.0	16.0	13.0	0.0	0.0	1.0	0.0	11.0	2.0	7.0	10.0	8.0	4.0	0.0	30.0	10.0	1.0	19.0	11.0	6.0	2.0	2.0	12.0	9.0	14.0	10.0	2.0	2.0	2.0	20.0	14.0	6.0	10.0	2.0	2.0	0.0	12.0	0.0	3.0	3.0	14.0	12.0	9.0	8.0	8.0	9.0	10.0	3.0	3.0	4.0	5.0	4.0	11.0	5.0	15.0	0.0	1.0	7.0	13.0	13.0	8.0	2.0	7.0	14.0	10.0	13.0	5.0	9.0	3.0	1.0	12.0	5.0	7.0	9.0	6.0	10.0	8.0	13.0	12.0	3.0	8.0	15.0	16.0	14.0	10.0	7.0	6.0	4.0	4.0	6.0	2.0	0.0	0.0	5.0	12.0	16.0	27.0	5.0	13.0	38.0	15.0	1.0	18.0	6.0	14.0	25.0	8.0	11.0	4.0	13.0	7.0	11.0	9.0	9.0	20.0	22.0	12.0	9.0	12.0	1.0	7.0	7.0	11.0	6.0	18.0	6.0	1.0	17.0	13.0	11.0	2.0	2.0	0.0	3.0	4.0	8.0	2.0	4.0	10.0	21.0	12.0	0.0	2.0	12.0	9.0	4.0	2.0	5.0	10.0	9.0	3.0	0.0	6.0	9.0	6.0	13.0	10.0	15.0	13.0	4.0	0.0	6.0	7.0	15.0	7.0	29.0	30.0	2.0	2.0	2.0	4.0	15.0	2.0	9.0	0.0	3.0	0.0	0.0	7.0	17.0	12.0	12.0	6.0	19.0	20.0	0.0	18.0	13.0	11.0	8.0	12.0	15.0	8.0	13.0	4.0	4.0	10.0	4.0	2.0	7.0	1.0	6.0	8.0	2.0	4.0	2.0	3.0	4.0	13.0	24.0	7.0	16.0	8.0	2.0	3.0	6.0	2.0	6.0	1.0	9.0	9.0	5.0	20.0	23.0	27.0	26.0	12.0	22.0	25.0	11.0	26.0	8.0	8.0	19.0	14.0	2.0	15.0	6.0	9.0	6.0	0.0	5.0	8.0	6.0	0.0	12.0	19.0	6.0	7.0	4.0	8.0	10.0	10.0	2.0	5.0	17.0	14.0	6.0	8.0	0.0	5.0	8.0	7.0	10.0	2.0	2.0	19.0	15.0	12.0	8.0	7.0	10.0	4.0	6.0	18.0	14.0	2.0	25.0	4.0	5.0	2.0	1.0	9.0	7.0	5.0	5.0	51	F	117	207	111	48	173	alpha 1 antitrypsine deficiency
S45_NASHLT	28.0	27.0	4.0	13.0	9.0	1.0	18.0	16.0	8.0	5.0	7.0	12.0	1.0	15.0	27.0	22.0	22.0	2.0	2.0	4.0	0.0	18.0	11.0	11.0	17.0	14.0	10.0	4.0	26.0	26.0	17.0	42.0	25.0	14.0	9.0	10.0	19.0	11.0	23.0	24.0	0.0	0.0	0.0	29.0	10.0	6.0	20.0	1.0	0.0	3.0	18.0	7.0	6.0	9.0	24.0	20.0	26.0	15.0	15.0	4.0	27.0	11.0	5.0	13.0	22.0	18.0	21.0	8.0	29.0	5.0	23.0	15.0	19.0	28.0	17.0	4.0	15.0	34.0	15.0	15.0	8.0	16.0	17.0	10.0	8.0	18.0	9.0	17.0	15.0	4.0	5.0	24.0	27.0	10.0	19.0	30.0	34.0	31.0	7.0	9.0	22.0	10.0	16.0	22.0	3.0	2.0	2.0	11.0	20.0	38.0	48.0	13.0	28.0	61.0	30.0	5.0	40.0	22.0	22.0	13.0	14.0	14.0	6.0	11.0	18.0	4.0	12.0	12.0	12.0	36.0	52.0	25.0	16.0	8.0	5.0	11.0	12.0	5.0	49.0	7.0	3.0	28.0	25.0	23.0	2.0	2.0	3.0	5.0	12.0	19.0	11.0	10.0	19.0	36.0	28.0	2.0	3.0	18.0	15.0	3.0	0.0	11.0	5.0	5.0	5.0	0.0	16.0	17.0	7.0	22.0	18.0	38.0	39.0	9.0	3.0	3.0	5.0	27.0	3.0	56.0	81.0	0.0	3.0	16.0	18.0	37.0	4.0	19.0	2.0	9.0	4.0	3.0	14.0	26.0	22.0	17.0	18.0	20.0	31.0	4.0	41.0	28.0	11.0	15.0	8.0	24.0	16.0	21.0	19.0	2.0	24.0	17.0	4.0	14.0	23.0	6.0	13.0	2.0	7.0	17.0	15.0	15.0	31.0	27.0	28.0	22.0	21.0	2.0	2.0	22.0	10.0	18.0	3.0	14.0	17.0	6.0	36.0	13.0	23.0	41.0	10.0	35.0	12.0	12.0	18.0	13.0	10.0	41.0	37.0	7.0	18.0	7.0	11.0	13.0	0.0	13.0	11.0	15.0	6.0	17.0	14.0	17.0	17.0	13.0	9.0	16.0	10.0	5.0	12.0	32.0	13.0	12.0	6.0	2.0	19.0	26.0	27.0	24.0	2.0	2.0	26.0	24.0	15.0	9.0	12.0	16.0	39.0	16.0	12.0	24.0	4.0	36.0	11.0	7.0	6.0	4.0	16.0	35.0	15.0	8.0	61	M	141	76	29	31	101	HBV
